image_name,attack_id,target_class,gt_x1,gt_y1,gt_x2,gt_y2,clean_detected,clean_class,clean_confidence,clean_iou,patched_detected,patched_class,patched_confidence,patched_iou,eligible,attack_success,confidence_drop,iou_drop,both_valid
000000000785.jpg,attack_01,person,280.79,44.73,499.49,391.41,True,person,0.9276042580604553,0.9848368404491096,True,person,0.9243339896202087,0.9878478100976624,True,False,0.003270268440246582,-0.0030109696485528525,True
000000009891.jpg,attack_01,person,206.64,92.56,357.30999999999995,416.5,True,person,0.9077880382537842,0.9132341989552751,True,person,0.8986727595329285,0.916048756990521,True,False,0.009115278720855713,-0.0028145580352458843,True
000000011197.jpg,attack_01,person,309.74,112.02,362.96000000000004,253.05,True,person,0.8767049312591553,0.9362300405968859,True,person,0.8653345108032227,0.9432781383709766,True,False,0.011370420455932617,-0.007048097774090767,True
000000017178.jpg,attack_01,car,433.73,108.19,640.0,427.0,True,car,0.9282331466674805,0.975438026172539,True,car,0.9303957223892212,0.9759757551644642,True,False,-0.0021625757217407227,-0.0005377289919251682,True
000000018150.jpg,attack_01,person,3.24,2.16,412.04,432.54,True,person,0.9410269856452942,0.913030112513111,True,person,0.9326192736625671,0.9119756683664423,True,False,0.00840771198272705,0.001054444146668665,True
000000019786.jpg,attack_01,person,250.28,16.01,479.49,371.63,True,person,0.9180811047554016,0.9511338374062182,True,person,0.9162092804908752,0.9445238965452951,True,False,0.0018718242645263672,0.006609940860923036,True
000000038118.jpg,attack_01,person,125.7,218.62,213.01999999999998,346.24,True,person,0.8687952160835266,0.8641879224854795,True,person,0.8750184178352356,0.884430591547106,True,False,-0.006223201751708984,-0.020242669061626528,True
000000043737.jpg,attack_01,car,111.23,416.09,192.35000000000002,454.09,True,car,0.6268728375434875,0.9201399989967683,True,car,0.6142082214355469,0.8973102775474695,True,False,0.012664616107940674,0.022829721449298845,True
000000044590.jpg,attack_01,car,573.02,78.14,640.0,134.29,False,,,,False,,,,False,False,,,False
000000046463.jpg,attack_01,person,0.9,40.45,260.66999999999996,395.51,True,person,0.6768921613693237,0.9564129816626313,True,person,0.7070711851119995,0.94733199663736,True,False,-0.03017902374267578,0.009080985025271326,True
000000047740.jpg,attack_01,person,0.0,147.03,476.78,355.97,True,person,0.900288462638855,0.9937138645416076,True,person,0.8331966996192932,0.9859807501101994,True,False,0.06709176301956177,0.007733114431408228,True
000000048396.jpg,attack_01,person,124.74,0.96,357.90999999999997,421.23999999999995,True,person,0.9509678483009338,0.9863562425386612,True,person,0.9442675113677979,0.9829570252512465,True,False,0.006700336933135986,0.0033992172874146576,True
000000050679.jpg,attack_01,car,475.72,168.22,563.6,223.62,False,,,,False,,,,False,False,,,False
000000052507.jpg,attack_01,person,105.63,107.14,182.45,291.05,True,person,0.8589127063751221,0.9519255130264389,True,person,0.8699595928192139,0.9304598014150401,True,False,-0.011046886444091797,0.021465711611398763,True
000000054593.jpg,attack_01,car,110.86,75.03,310.13,183.03,True,car,0.7161614298820496,0.9762421498513016,True,car,0.7263035178184509,0.9703499891689445,True,False,-0.010142087936401367,0.005892160682357095,True
000000055950.jpg,attack_01,person,82.24,69.18,305.31,389.89,True,person,0.9354897737503052,0.9785118360556386,True,person,0.9314692616462708,0.9741301224432795,True,False,0.004020512104034424,0.004381713612359173,True
000000057597.jpg,attack_01,car,332.36,104.08,427.58000000000004,134.37,True,car,0.5651907324790955,0.8487162252125157,True,car,0.5703886151313782,0.8298886758013272,True,False,-0.005197882652282715,0.01882754941118847,True
000000058539.jpg,attack_01,car,415.26,136.57,640.0,418.15999999999997,True,car,0.8427421450614929,0.9572821356753449,True,car,0.9181322455406189,0.9622066625351297,True,False,-0.07539010047912598,-0.004924526859784728,True
000000063965.jpg,attack_01,person,2.85,0.0,640.0,420.34,True,person,0.6124022603034973,0.9942678211863566,True,person,0.8141116499900818,0.9898884372134136,True,False,-0.20170938968658447,0.004379383972943018,True
000000067213.jpg,attack_01,car,0.81,305.17,197.93,412.27,True,car,0.613583505153656,0.9210127088406742,True,car,0.5617502331733704,0.9392859401113536,True,False,0.051833271980285645,-0.01827323127067937,True
000000078404.jpg,attack_01,person,218.06,9.28,405.3,306.34999999999997,True,person,0.8148119449615479,0.9470986886046783,True,person,0.6204080581665039,0.9566207097258353,True,False,0.19440388679504395,-0.009522021121157076,True
000000080022.jpg,attack_01,person,279.12,108.21,426.32,426.0,True,person,0.9228242635726929,0.9363525335095206,True,person,0.9233105778694153,0.9388578067490582,True,False,-0.0004863142967224121,-0.002505273239537531,True
000000084170.jpg,attack_01,car,132.29,261.12,230.25,337.14,True,car,0.8628804683685303,0.8816814245280469,True,car,0.8733308911323547,0.8976661338590479,True,False,-0.010450422763824463,-0.015984709331001046,True
000000087038.jpg,attack_01,person,1.0,190.0,639.0,291.0,False,,,,False,,,,False,False,,,False
000000088462.jpg,attack_01,car,24.78,187.76,82.25,230.12,True,car,0.8053606748580933,0.9347712468076218,True,car,0.8149272203445435,0.9223966578207843,True,False,-0.009566545486450195,0.01237458898683752,True
000000089556.jpg,attack_01,car,1.13,166.02,297.04,386.26,True,car,0.9308661222457886,0.9409932727194327,True,car,0.9316341280937195,0.9337266618822746,True,False,-0.0007680058479309082,0.007266610837158072,True
000000089697.jpg,attack_01,person,253.32,233.45,350.21,360.5,True,person,0.863295316696167,0.972030594543972,True,person,0.7948826551437378,0.9071194536840753,True,False,0.0684126615524292,0.06491114085989669,True
000000090284.jpg,attack_01,person,67.19,143.09,586.1099999999999,564.8,True,person,0.944330096244812,0.990753603393337,True,person,0.8907806873321533,0.5395295605142579,True,False,0.05354940891265869,0.451224042879079,True
000000091495.jpg,attack_01,person,14.73,113.03,240.32,422.67999999999995,True,person,0.9086475968360901,0.9823094290496958,True,person,0.8433478474617004,0.9850726477375534,True,False,0.06529974937438965,-0.0027632186878576714,True
000000092416.jpg,attack_01,person,66.01,48.22,367.34999999999997,640.0,True,person,0.8841472864151001,0.9622427415430492,True,person,0.893441379070282,0.986337412303394,True,False,-0.009294092655181885,-0.024094670760344772,True
000000094751.jpg,attack_01,car,313.05,274.0,375.0,310.08,True,car,0.6963791251182556,0.931033925948049,True,car,0.7068910598754883,0.9413995330785836,True,False,-0.010511934757232666,-0.010365607130534582,True
000000100624.jpg,attack_01,person,32.62,51.82,322.41,421.24,True,person,0.8665671944618225,0.9610853719110818,True,person,0.8680720925331116,0.9181448582953555,True,False,-0.0015048980712890625,0.04294051361572626,True
000000100723.jpg,attack_01,person,4.0,1.0,499.0,332.0,False,,,,False,,,,False,False,,,False
000000102805.jpg,attack_01,car,378.73,266.86,606.1700000000001,338.41,True,car,0.9131648540496826,0.9836647943448671,True,car,0.9202067852020264,0.9857860663847504,True,False,-0.00704193115234375,-0.0021212720398833262,True
000000115946.jpg,attack_01,car,119.19,502.52,172.71,544.66,True,car,0.7715573906898499,0.9391303142812175,True,car,0.6002885699272156,0.9340611285621756,True,False,0.17126882076263428,0.005069185719041913,True
000000119445.jpg,attack_01,person,184.22,177.02,348.28,386.18,True,person,0.9349014759063721,0.9463449007801495,True,person,0.931779146194458,0.948151089667293,True,False,0.0031223297119140625,-0.0018061888871434562,True
000000121506.jpg,attack_01,car,407.68,259.56,528.02,302.18,True,car,0.7720332145690918,0.6388426746978818,True,car,0.7604627013206482,0.6346673417205559,True,False,0.011570513248443604,0.004175332977325863,True
000000122606.jpg,attack_01,person,372.16,157.4,418.38,207.95,False,,,,False,,,,False,False,,,False
000000122672.jpg,attack_01,person,226.52,108.61,539.33,327.58,True,person,0.9231372475624084,0.9301079558789807,True,person,0.9133555293083191,0.9384297148927448,True,False,0.009781718254089355,-0.008321759013764196,True
000000124798.jpg,attack_01,car,574.77,311.69,640.0,425.88,True,car,0.8684262633323669,0.9336678713700317,True,car,0.8628818988800049,0.9401912463768171,True,False,0.0055443644523620605,-0.006523375006785348,True
000000127092.jpg,attack_01,car,147.26,408.4,218.83999999999997,458.92999999999995,True,car,0.8846538662910461,0.950020747877158,True,car,0.8690669536590576,0.9445294145737384,True,False,0.015586912631988525,0.005491333303419554,True
000000128675.jpg,attack_01,person,338.24,310.01,388.87,443.1,True,person,0.7440983057022095,0.7796292192682448,True,person,0.7425280213356018,0.8005997984735235,True,False,0.001570284366607666,-0.020970579205278672,True
000000130699.jpg,attack_01,car,450.87,241.02,540.36,293.69,False,,,,False,,,,False,False,,,False
000000132544.jpg,attack_01,car,0.96,110.05,307.33,317.81,False,,,,False,,,,False,False,,,False
000000136633.jpg,attack_01,person,11.85,252.35,86.33999999999999,471.56,True,person,0.8947924971580505,0.9643612384604718,True,person,0.8891106843948364,0.9626384341021186,True,False,0.005681812763214111,0.0017228043583532582,True
000000140270.jpg,attack_01,person,291.88,61.56,351.52,223.19,True,person,0.8235685229301453,0.9622850484532288,True,person,0.7924115657806396,0.9779573861715499,True,False,0.031156957149505615,-0.015672337718321105,True
000000144706.jpg,attack_01,car,498.43,369.92,547.73,403.65000000000003,True,car,0.2656126916408539,0.9249725200523514,False,,,,True,True,,,False
000000145597.jpg,attack_01,person,355.16,123.34,640.0,480.0,True,person,0.8912823796272278,0.9310087698213775,True,person,0.9063410758972168,0.9173722303703172,True,False,-0.015058696269989014,0.013636539451060248,True
000000146667.jpg,attack_01,person,251.94,37.55,456.64,306.44,True,person,0.8763054013252258,0.8895517438132101,True,person,0.8929572105407715,0.8874450286977152,True,False,-0.016651809215545654,0.0021067151154948727,True
000000147725.jpg,attack_01,car,402.3,174.69,577.25,265.97,True,car,0.9129146933555603,0.953837370041563,True,car,0.9087902307510376,0.9491911857038856,True,False,0.004124462604522705,0.004646184337677384,True
000000148662.jpg,attack_01,person,81.98,0.0,638.5600000000001,480.0,True,person,0.9087904095649719,0.8704386683054294,True,person,0.8847666382789612,0.8802202142702203,True,False,0.024023771286010742,-0.009781545964790972,True
000000155341.jpg,attack_01,car,151.93,284.78,393.09000000000003,415.55999999999995,True,car,0.9229053854942322,0.9744065642013205,True,car,0.91217041015625,0.9808664277916993,True,False,0.010734975337982178,-0.006459863590378756,True
000000156071.jpg,attack_01,car,305.77,76.16,467.30999999999995,122.38,False,,,,False,,,,False,False,,,False
000000157365.jpg,attack_01,car,1.53,193.05,125.48,376.47,True,car,0.9013180136680603,0.9521900202241861,True,car,0.7507714629173279,0.9385540504691939,True,False,0.15054655075073242,0.01363596975499215,True
000000158744.jpg,attack_01,car,592.93,92.25,638.78,121.82,True,car,0.8020841479301453,0.8120191818667977,True,car,0.6369165778160095,0.8358838310324441,True,False,0.16516757011413574,-0.023864649165646457,True
000000160556.jpg,attack_01,person,453.97,76.94,638.63,423.19,True,person,0.9245100021362305,0.9606701618679465,True,person,0.9273611903190613,0.9571207318079596,True,False,-0.0028511881828308105,0.003549430059986869,True
000000161128.jpg,attack_01,car,0.0,391.1,49.79,438.42,True,car,0.8586116433143616,0.9526772073703664,True,car,0.8570797443389893,0.9559002317759288,True,False,0.0015318989753723145,-0.0032230244055623247,True
000000166768.jpg,attack_01,person,73.35,20.13,425.71000000000004,631.37,True,person,0.9450153112411499,0.9702906378801742,True,person,0.9315919280052185,0.9648150471421852,True,False,0.013423383235931396,0.005475590737988978,True
000000167122.jpg,attack_01,car,32.73,215.81,640.0,480.0,True,car,0.6172957420349121,0.9599037974742446,True,car,0.7647578120231628,0.9662834427436685,True,False,-0.14746206998825073,-0.006379645269423917,True
000000168330.jpg,attack_01,car,12.11,186.27,60.93,227.26000000000002,True,car,0.6051090359687805,0.8372239182852681,False,,,,True,True,,,False
000000170116.jpg,attack_01,person,112.98,104.33,154.77,143.75,False,,,,False,,,,False,False,,,False
000000174371.jpg,attack_01,person,224.57,92.94,640.0,501.96999999999997,True,person,0.9341796040534973,0.9557706474463696,True,person,0.9359405636787415,0.9529975666496303,True,False,-0.0017609596252441406,0.0027730807967393245,True
000000177015.jpg,attack_01,person,2.38,5.35,640.0,474.65000000000003,True,person,0.6564819812774658,0.6296268726701196,True,person,0.4628297686576843,0.5504997087581153,True,False,0.1936522126197815,0.07912716391200436,True
000000181303.jpg,attack_01,person,228.17,81.68,288.53,309.6,True,person,0.8448165059089661,0.9049479933427449,True,person,0.8428006172180176,0.9001438297847454,True,False,0.0020158886909484863,0.004804163557999508,True
000000183246.jpg,attack_01,car,215.95,0.0,500.0,400.0,False,,,,False,,,,False,False,,,False
000000183391.jpg,attack_01,person,0.0,0.0,631.0,380.0,False,,,,False,,,,False,False,,,False
000000184324.jpg,attack_01,person,3.0,199.0,597.0,424.0,False,,,,False,,,,False,False,,,False
000000186624.jpg,attack_01,person,40.45,297.83,97.91,477.90999999999997,True,person,0.7729358077049255,0.8793235937259676,True,person,0.6933391690254211,0.8834995820141581,True,False,0.0795966386795044,-0.004175988288190546,True
000000191013.jpg,attack_01,car,44.37,548.77,224.09,640.0,True,car,0.8419749140739441,0.9816282462305673,True,car,0.8015333414077759,0.9879393385689728,True,False,0.04044157266616821,-0.006311092338405433,True
000000191672.jpg,attack_01,person,363.56,152.93,481.86,255.84,True,person,0.8784604668617249,0.9004626243092104,True,person,0.8509950637817383,0.8933582006951539,True,False,0.027465403079986572,0.007104423614056499,True
000000192670.jpg,attack_01,car,220.1,95.2,399.24,177.55,True,car,0.34818094968795776,0.7733449394652246,True,car,0.6084736585617065,0.7997385077232376,True,False,-0.2602927088737488,-0.026393568258012978,True
000000192716.jpg,attack_01,car,137.81,595.39,234.11,640.0,True,car,0.8820545077323914,0.974373131091022,True,car,0.8720178604125977,0.9715995611334993,True,False,0.010036647319793701,0.002773569957522648,True
000000193926.jpg,attack_01,person,412.25,320.25,621.28,462.25,True,person,0.4897909164428711,0.9438808305721913,True,person,0.2969866693019867,0.8861687185228776,True,False,0.1928042471408844,0.0577121120493137,True
000000195842.jpg,attack_01,person,414.53,47.61,565.21,473.53000000000003,True,person,0.9178134202957153,0.9450337087539171,True,person,0.9170730113983154,0.9512841043759348,True,False,0.0007404088973999023,-0.006250395622017679,True
000000196141.jpg,attack_01,car,468.46,72.35,583.67,136.95,True,car,0.41147688031196594,0.5026931630143467,False,,,,True,True,,,False
000000198489.jpg,attack_01,person,104.6,92.22,276.65,432.16999999999996,True,person,0.9303368330001831,0.9366437261950505,True,person,0.9341679811477661,0.9358210013184738,True,False,-0.003831148147583008,0.0008227248765767525,True
000000199771.jpg,attack_01,person,36.52,55.34,230.21,416.15,True,person,0.8517736196517944,0.9620417874761047,True,person,0.758701503276825,0.8151177263469371,True,False,0.09307211637496948,0.14692406112916756,True
000000201934.jpg,attack_01,car,261.9,160.13,297.08,192.70999999999998,True,car,0.28361356258392334,0.7403672055343695,True,car,0.4747767448425293,0.5260708740515215,True,False,-0.19116318225860596,0.214296331482848,True
000000205105.jpg,attack_01,person,142.26,127.89,303.46,427.9,True,person,0.930767297744751,0.9852465460692578,True,person,0.9298925399780273,0.9833261109269735,True,False,0.0008747577667236328,0.001920435142284238,True
000000208423.jpg,attack_01,car,65.78,437.53,191.84,480.0,True,car,0.868580162525177,0.9433016613638057,True,car,0.820625364780426,0.9366124609956262,True,False,0.04795479774475098,0.006689200368179438,True
000000213593.jpg,attack_01,car,200.12,377.47,274.5,426.0,True,car,0.7370380163192749,0.9071008993519799,True,car,0.35979941487312317,0.9218220008922858,True,False,0.37723860144615173,-0.014721101540305925,True
000000214200.jpg,attack_01,car,28.76,487.31,427.0,626.8199999999999,True,car,0.9391624331474304,0.9529345810131329,True,car,0.9444459676742554,0.9518868201322587,True,False,-0.005283534526824951,0.0010477608808742156,True
000000224051.jpg,attack_01,car,238.74,161.8,307.27,213.35000000000002,True,car,0.881449282169342,0.8929907471191125,True,car,0.8793752789497375,0.9020700898894932,True,False,0.002074003219604492,-0.009079342770380694,True
000000224119.jpg,attack_01,person,177.32,146.68,247.20999999999998,245.88,True,person,0.526089072227478,0.510177657817932,False,,,,True,True,,,False
000000224807.jpg,attack_01,person,0.0,19.0,639.0,169.0,False,,,,False,,,,False,False,,,False
000000229216.jpg,attack_01,person,143.6,9.57,585.87,422.17,True,person,0.875413715839386,0.9510556962765523,True,person,0.8438004851341248,0.9472864987207967,True,False,0.03161323070526123,0.0037691975557555546,True
000000229601.jpg,attack_01,person,87.32,75.36,261.89,351.52000000000004,True,person,0.9220045804977417,0.9822807839076498,True,person,0.9233626127243042,0.973633979475499,True,False,-0.0013580322265625,0.008646804432150823,True
000000230008.jpg,attack_01,car,434.32,74.32,640.0,311.23,True,car,0.6543384194374084,0.8980377598604947,True,car,0.5973010063171387,0.881972391681016,True,False,0.057037413120269775,0.01606536817947868,True
000000239537.jpg,attack_01,person,263.26,25.25,522.38,406.13,True,person,0.9491444826126099,0.9899527474457479,True,person,0.9471214413642883,0.9893359239515596,True,False,0.002023041248321533,0.0006168234941883455,True
000000245320.jpg,attack_01,person,180.18,92.25,383.42,292.61,True,person,0.9297394752502441,0.9416026849321408,True,person,0.9269541501998901,0.9521729076451516,True,False,0.002785325050354004,-0.01057022271301078,True
000000246454.jpg,attack_01,person,116.61,15.51,553.81,559.1,True,person,0.8510451316833496,0.6320505006684514,True,person,0.29544347524642944,0.7208984913650507,True,False,0.5556016564369202,-0.08884799069659932,True
000000248752.jpg,attack_01,person,145.79,78.11,414.61,368.84000000000003,True,person,0.9073132276535034,0.9218782470395432,True,person,0.890163004398346,0.9236945347465385,True,False,0.01715022325515747,-0.0018162877069952676,True
000000250127.jpg,attack_01,person,237.3,179.87,373.93,602.7,True,person,0.866349458694458,0.9605982166283046,True,person,0.8699003458023071,0.9617784840125081,True,False,-0.003550887107849121,-0.001180267384203515,True
000000252294.jpg,attack_01,person,52.81,48.39,239.33,460.75,True,person,0.5348168015480042,0.798661203064056,True,person,0.6481373906135559,0.6003619981029285,True,False,-0.11332058906555176,0.19829920496112752,True
000000259690.jpg,attack_01,car,446.19,112.63,575.96,150.49,False,,,,False,,,,False,False,,,False
000000260266.jpg,attack_01,car,51.39,516.24,125.19,551.97,True,car,0.7555147409439087,0.9322270506234882,True,car,0.7837797403335571,0.9316886980135998,True,False,-0.028264999389648438,0.0005383526098884373,True
000000261535.jpg,attack_01,person,197.03,115.06,330.78999999999996,547.96,True,person,0.9137899279594421,0.9455238359303806,True,person,0.9130484461784363,0.9512514736669676,True,False,0.0007414817810058594,-0.005727637736587021,True
000000261982.jpg,attack_01,car,0.0,8.53,251.9,223.15,True,car,0.4767081141471863,0.9734533352298204,True,car,0.6286935210227966,0.9832467158399608,True,False,-0.15198540687561035,-0.009793380610140456,True
000000266400.jpg,attack_01,person,36.32,0.59,74.88,54.45,True,person,0.7596480250358582,0.849024071002285,True,person,0.6414949893951416,0.8201203894932847,True,False,0.11815303564071655,0.028903681509000356,True
000000268000.jpg,attack_01,person,601.31,176.02,638.53,256.94,True,person,0.7393476366996765,0.6518938344679662,True,person,0.6543287038803101,0.649141351624068,True,False,0.08501893281936646,0.002752482843898174,True
000000270677.jpg,attack_01,person,184.09,90.61,453.03,638.5600000000001,True,person,0.9397820234298706,0.9765111014549125,True,person,0.9386157393455505,0.9789582412379855,True,False,0.0011662840843200684,-0.0024471397830729824,True
000000274272.jpg,attack_01,car,24.77,383.23,214.71,476.13,True,car,0.8731473684310913,0.8821220607855051,True,car,0.8747811317443848,0.8846829182391119,True,False,-0.001633763313293457,-0.0025608574536067907,True
000000274411.jpg,attack_01,car,1.79,155.52,394.67,469.25,True,car,0.5240296125411987,0.721473241191785,True,car,0.40655842423439026,0.7214624144536328,True,False,0.11747118830680847,1.0826738152225346e-05,True
000000278848.jpg,attack_01,car,436.65,352.76,479.03,394.28,True,car,0.7377526760101318,0.9504089050734406,True,car,0.5242295861244202,0.9509059263060632,True,False,0.21352308988571167,-0.0004970212326226298,True
000000283037.jpg,attack_01,car,0.77,357.03,92.8,447.46999999999997,True,car,0.8869276642799377,0.9769444178580305,True,car,0.7626606225967407,0.9780008459259699,True,False,0.12426704168319702,-0.0010564280679393745,True
000000283038.jpg,attack_01,car,0.0,186.57,48.0,215.09,True,car,0.8599165678024292,0.9641913853254405,True,car,0.7468100190162659,0.9736445176022014,True,False,0.11310654878616333,-0.009453132276760923,True
000000292155.jpg,attack_01,person,466.16,442.44,549.0600000000001,479.89,True,person,0.6644988059997559,0.8101461873253606,True,person,0.709965169429779,0.7847125110833916,True,False,-0.04546636343002319,0.025433676241969017,True
000000292415.jpg,attack_01,person,73.2,126.13,220.72000000000003,257.88,True,person,0.9022932648658752,0.9418247762731535,True,person,0.8200827836990356,0.9394077107625884,True,False,0.0822104811668396,0.0024170655105650862,True
000000292997.jpg,attack_01,car,0.0,212.26,190.17,383.12,True,car,0.9003618359565735,0.9721710592546001,True,car,0.6835096478462219,0.9718587699446094,True,False,0.21685218811035156,0.0003122893099907209,True
000000295420.jpg,attack_01,car,59.37,290.0,92.15,319.5,True,car,0.832901656627655,0.9374453841722065,True,car,0.8258995413780212,0.9334546384579278,True,False,0.007002115249633789,0.0039907457142787095,True
000000296224.jpg,attack_01,car,0.0,185.9,57.31,226.72,True,car,0.384615033864975,0.6246154065755662,True,car,0.438309907913208,0.5898527115352954,True,False,-0.05369487404823303,0.03476269504027085,True
000000297578.jpg,attack_01,person,152.81,7.58,326.47,276.58,True,person,0.9347653985023499,0.9610690393100554,True,person,0.9395865201950073,0.9600827873099779,True,False,-0.004821121692657471,0.0009862520000775143,True
000000301135.jpg,attack_01,car,300.18,349.5,410.89,395.97,True,car,0.8836738467216492,0.9209206216957445,True,car,0.8726748824119568,0.9194148573664287,True,False,0.010998964309692383,0.0015057643293158174,True
000000301376.jpg,attack_01,car,1.49,392.29,98.08999999999999,478.07000000000005,True,car,0.8905764818191528,0.9409886088961622,True,car,0.8523957133293152,0.9422377266010485,True,False,0.038180768489837646,-0.0012491177048863378,True
000000301421.jpg,attack_01,car,295.98,96.98,376.83000000000004,154.9,True,car,0.8742656111717224,0.9682544499587729,True,car,0.8495345115661621,0.9642566630353152,True,False,0.024731099605560303,0.003997786923457647,True
000000308531.jpg,attack_01,car,307.14,566.6,359.0,606.84,False,,,,False,,,,False,False,,,False
000000327306.jpg,attack_01,person,36.53,0.89,186.19,162.14,True,person,0.859133780002594,0.9384817423914467,True,person,0.8856730461120605,0.9336649398642501,True,False,-0.026539266109466553,0.004816802527196518,True
000000328601.jpg,attack_01,person,79.46,16.98,333.71999999999997,632.4200000000001,True,person,0.9090498089790344,0.9664939475990176,True,person,0.9115742444992065,0.9654258289116555,True,False,-0.002524435520172119,0.0010681186873621185,True
000000334417.jpg,attack_01,person,100.45,64.58,597.45,415.83,True,person,0.9378091096878052,0.963524683908401,True,person,0.9308638572692871,0.9677953073093106,True,False,0.006945252418518066,-0.004270623400909668,True
000000334555.jpg,attack_01,car,448.82,182.37,580.39,260.78,True,car,0.6783384084701538,0.7858287700784354,True,car,0.6443601846694946,0.7951186207916557,True,False,0.03397822380065918,-0.009289850713220305,True
000000338560.jpg,attack_01,car,56.18,165.31,137.51,200.66,True,car,0.8599957227706909,0.9539362986479215,True,car,0.8416282534599304,0.9475264759971551,True,False,0.018367469310760498,0.006409822650766395,True
000000338625.jpg,attack_01,car,10.32,236.07,125.94,277.36,True,car,0.8810126781463623,0.9017472971469026,True,car,0.8520992994308472,0.9099808592547611,True,False,0.028913378715515137,-0.008233562107858527,True
000000342397.jpg,attack_01,person,286.16,137.97,393.52000000000004,318.57,True,person,0.9094074368476868,0.9567142088233758,True,person,0.9080730080604553,0.9588021025037972,True,False,0.0013344287872314453,-0.0020878936804213932,True
000000349860.jpg,attack_01,car,350.12,349.22,386.35,378.42,True,car,0.2950946092605591,0.8596477113495614,True,car,0.33599692583084106,0.8778972788666117,True,False,-0.04090231657028198,-0.018249567517050314,True
000000351823.jpg,attack_01,person,100.12,87.12,309.72,596.8,True,person,0.8952251672744751,0.99016241044312,True,person,0.8964768052101135,0.9884151876484875,True,False,-0.0012516379356384277,0.0017472227946325747,True
000000354753.jpg,attack_01,car,15.41,386.37,638.81,480.0,False,,,,False,,,,False,False,,,False
000000354829.jpg,attack_01,car,81.74,84.27,371.63,238.48000000000002,True,car,0.9231427907943726,0.9701953568576096,True,car,0.9371954798698425,0.9728865542741973,True,False,-0.01405268907546997,-0.002691197416587743,True
000000356612.jpg,attack_01,car,201.58,187.96,323.86,287.65,True,car,0.7293499708175659,0.9601982509308918,True,car,0.7451343536376953,0.9475664393012376,True,False,-0.015784382820129395,0.01263181162965421,True
000000357978.jpg,attack_01,person,153.2,103.66,257.71999999999997,375.0,True,person,0.903541624546051,0.9736765254147048,True,person,0.9069597721099854,0.9696687214717407,True,False,-0.003418147563934326,0.004007803942964183,True
000000361142.jpg,attack_01,car,287.49,513.95,463.0,628.08,True,car,0.9279789924621582,0.9353321638855797,True,car,0.9222770929336548,0.9365362257067802,True,False,0.005701899528503418,-0.001204061821200475,True
000000361506.jpg,attack_01,car,480.66,258.99,570.09,287.06,False,,,,False,,,,False,False,,,False
000000363188.jpg,attack_01,car,590.03,198.92,640.0,305.34,True,car,0.5916337966918945,0.7308245555997857,True,car,0.4195397198200226,0.7521959565746636,True,False,0.17209407687187195,-0.021371400974877997,True
000000373353.jpg,attack_01,car,0.0,206.0,483.0,401.0,False,,,,False,,,,False,False,,,False
000000376284.jpg,attack_01,car,71.41,26.87,254.07,143.39,True,car,0.9419147372245789,0.958319177450312,True,car,0.9397038817405701,0.9570886519100495,True,False,0.002210855484008789,0.0012305255402624837,True
000000376322.jpg,attack_01,person,1.0,169.0,418.0,321.0,False,,,,False,,,,False,False,,,False
000000378515.jpg,attack_01,person,240.68,231.61,394.09000000000003,420.99,True,person,0.8257498145103455,0.9792996249632534,True,person,0.7902029752731323,0.9599735984965482,True,False,0.035546839237213135,0.019326026466705226,True
000000380913.jpg,attack_01,person,0.71,151.05,160.69,427.71000000000004,True,person,0.9244937896728516,0.9621894213653267,True,person,0.9259233474731445,0.9601967311001715,True,False,-0.0014295578002929688,0.0019926902651552503,True
000000384468.jpg,attack_01,car,0.0,262.97,91.75,370.18,True,car,0.8319767117500305,0.8565389984148675,True,car,0.7777888178825378,0.8529786578461791,True,False,0.054187893867492676,0.0035603405686883693,True
000000388215.jpg,attack_01,person,245.7,86.98,419.52,412.66,True,person,0.9352095723152161,0.970441871707267,True,person,0.9309782981872559,0.9684957652125781,True,False,0.004231274127960205,0.0019461064946889595,True
000000394510.jpg,attack_01,car,0.01,0.0,362.56,198.31,True,car,0.9441343545913696,0.9858385471583705,True,car,0.952502965927124,0.9848233920679798,True,False,-0.008368611335754395,0.0010151550903907403,True
000000397303.jpg,attack_01,person,336.54,65.8,530.7,459.51,True,person,0.9071622490882874,0.963896474322004,True,person,0.9035559296607971,0.9610002182821368,True,False,0.0036063194274902344,0.0028962560398672066,True
000000397351.jpg,attack_01,car,251.6,6.76,640.0,254.54999999999998,False,,,,False,,,,False,False,,,False
000000408120.jpg,attack_01,car,268.27,74.19,337.06,102.81,True,car,0.5277621746063232,0.9690882182507347,True,car,0.49787214398384094,0.9655221916445713,True,False,0.0298900306224823,0.0035660266061633417,True
000000410650.jpg,attack_01,person,5.0,0.0,639.0,178.0,False,,,,False,,,,False,False,,,False
000000412362.jpg,attack_01,person,212.89,107.29,480.97999999999996,493.65000000000003,True,person,0.92860347032547,0.8519951860532017,True,person,0.92909175157547,0.8508855086196309,True,False,-0.00048828125,0.0011096774335708215,True
000000412531.jpg,attack_01,car,454.51,255.85,636.3299999999999,355.88,True,car,0.9045106172561646,0.9760764295270954,True,car,0.9094883799552917,0.9783812405326422,True,False,-0.004977762699127197,-0.002304811005546803,True
000000414385.jpg,attack_01,car,151.69,276.03,219.95,325.87,True,car,0.8631121516227722,0.9326070775403539,True,car,0.8554291725158691,0.9319695090687714,True,False,0.007682979106903076,0.0006375684715824725,True
000000421060.jpg,attack_01,person,306.0,5.0,635.0,233.0,False,,,,False,,,,False,False,,,False
000000426372.jpg,attack_01,car,73.46,104.4,213.95999999999998,236.64000000000001,False,,,,False,,,,False,False,,,False
000000427055.jpg,attack_01,car,319.4,309.1,365.76,340.59000000000003,False,,,,False,,,,False,False,,,False
000000428562.jpg,attack_01,person,28.04,2.16,141.3,161.79999999999998,True,person,0.7540979981422424,0.8738541556181134,True,person,0.3988955616950989,0.8877453193375142,True,False,0.35520243644714355,-0.0138911637194008,True
000000434459.jpg,attack_01,person,366.42,49.41,607.27,457.0,True,person,0.9315736889839172,0.969463353216044,True,person,0.9181032180786133,0.9709219858879461,True,False,0.013470470905303955,-0.0014586326719020493,True
000000436738.jpg,attack_01,car,264.97,347.9,396.47,404.12,True,car,0.8753470778465271,0.9288512335446687,True,car,0.842164933681488,0.9313316494047662,True,False,0.03318214416503906,-0.002480415860097507,True
000000438017.jpg,attack_01,car,76.8,408.09,120.47,504.46999999999997,True,car,0.5784081816673279,0.7115747718711881,True,car,0.6023448705673218,0.6980960400231233,True,False,-0.023936688899993896,0.013478731848064807,True
000000442463.jpg,attack_01,person,206.32,242.71,380.12,467.23,True,person,0.9260537624359131,0.9562947034518888,True,person,0.9164045453071594,0.9560359841756769,True,False,0.009649217128753662,0.00025871927621190505,True
000000442746.jpg,attack_01,car,311.9,130.95,364.34999999999997,150.73,True,car,0.8129954934120178,0.9505662667727055,True,car,0.8024178743362427,0.9467197100046406,True,False,0.010577619075775146,0.0038465567680648904,True
000000456662.jpg,attack_01,person,228.98,110.75,367.86,601.02,True,person,0.8995751738548279,0.9667707035055134,True,person,0.8998458981513977,0.9616613551292023,True,False,-0.0002707242965698242,0.0051093483763111625,True
000000457884.jpg,attack_01,person,276.1,116.69,404.74,384.55,True,person,0.9073487520217896,0.9774354287800765,True,person,0.9030886292457581,0.97835258543022,True,False,0.004260122776031494,-0.0009171566501434691,True
000000460147.jpg,attack_01,car,1.0,119.0,639.0,363.0,False,,,,False,,,,False,False,,,False
000000464476.jpg,attack_01,person,50.89,58.0,117.71,247.34,True,person,0.8299989700317383,0.9519441803734408,True,person,0.8662360906600952,0.9676881211533459,True,False,-0.036237120628356934,-0.015743940779905152,True
000000470952.jpg,attack_01,person,106.67,32.86,317.12,589.26,True,person,0.9061317443847656,0.9029891401010073,True,person,0.9150294065475464,0.897377683581334,True,False,-0.008897662162780762,0.005611456519673319,True
000000474078.jpg,attack_01,person,127.4,273.67,278.84000000000003,457.4,True,person,0.9059894680976868,0.898500416582979,True,person,0.8949370980262756,0.8968597247316867,True,False,0.011052370071411133,0.0016406918512922308,True
000000475484.jpg,attack_01,car,140.78,337.45,271.72,388.88,True,car,0.762400209903717,0.9526713280675895,True,car,0.756658136844635,0.947178838340302,True,False,0.005742073059082031,0.005492489727287442,True
000000476119.jpg,attack_01,car,240.72,77.47,444.19,196.88,True,car,0.9153771996498108,0.9689002698128999,True,car,0.9213846921920776,0.9730595681280615,True,False,-0.006007492542266846,-0.004159298315161597,True
000000492284.jpg,attack_01,person,363.51,20.49,592.18,474.61,True,person,0.8697034120559692,0.7547140128481822,True,person,0.8562232255935669,0.7664003696248602,True,False,0.013480186462402344,-0.011686356776678064,True
000000495732.jpg,attack_01,person,197.48,131.89,426.66999999999996,564.3199999999999,True,person,0.9434090256690979,0.9716917435157598,True,person,0.9366178512573242,0.9718732083182733,True,False,0.006791174411773682,-0.00018146480251346464,True
000000498032.jpg,attack_01,person,139.72,113.65,450.44000000000005,454.62,True,person,0.9076741933822632,0.9630570466193887,True,person,0.9021682739257812,0.9693775612134362,True,False,0.005505919456481934,-0.006320514594047477,True
000000499181.jpg,attack_01,car,19.86,390.17,195.0,479.36,True,car,0.9234241843223572,0.9513937450763786,True,car,0.9194021821022034,0.9465325052358432,True,False,0.004022002220153809,0.004861239840535436,True
000000500613.jpg,attack_01,car,556.0,201.78,640.0,283.74,True,car,0.6217347383499146,0.7209156286487596,False,,,,True,True,,,False
000000504415.jpg,attack_01,car,81.45,178.47,285.85,242.05,True,car,0.9054896235466003,0.8899053870764048,True,car,0.8698069453239441,0.8878868277802839,True,False,0.03568267822265625,0.0020185592961208254,True
000000505942.jpg,attack_01,car,459.48,163.05,499.98,205.65,False,,,,False,,,,False,False,,,False
000000511999.jpg,attack_01,car,524.22,212.59,605.54,275.37,True,car,0.8538053631782532,0.9591113242901763,True,car,0.8643879294395447,0.9615777967096016,True,False,-0.010582566261291504,-0.002466472419425325,True
000000513580.jpg,attack_01,person,145.76,284.6,211.5,373.99,True,person,0.8308328986167908,0.9491457493073946,True,person,0.8038579225540161,0.9420637129882571,True,False,0.026974976062774658,0.007082036319137508,True
000000515025.jpg,attack_01,car,416.78,113.51,523.47,158.86,False,,,,False,,,,False,False,,,False
000000516038.jpg,attack_01,person,54.65,226.62,206.70000000000002,435.34000000000003,True,person,0.9259832501411438,0.9587297008228665,True,person,0.926220715045929,0.9632461140086911,True,False,-0.00023746490478515625,-0.00451641318582463,True
000000521259.jpg,attack_01,person,42.13,44.57,268.58,457.0,True,person,0.9208785891532898,0.9407358299442415,True,person,0.9255300164222717,0.9424696496355249,True,False,-0.004651427268981934,-0.0017338196912833892,True
000000526392.jpg,attack_01,car,143.14,174.03,448.27,326.97,True,car,0.8632883429527283,0.9269420890411991,True,car,0.9012575745582581,0.9215016241795254,True,False,-0.037969231605529785,0.005440464861673711,True
000000529148.jpg,attack_01,person,452.45,68.57,639.35,344.43,True,person,0.6309019327163696,0.9365835860993638,True,person,0.6430421471595764,0.9287154212986944,True,False,-0.012140214443206787,0.00786816480066932,True
000000530099.jpg,attack_01,car,113.71,234.68,499.19,369.35,True,car,0.8577793836593628,0.8738153355523105,True,car,0.8633189797401428,0.8848198091913867,True,False,-0.005539596080780029,-0.011004473639076195,True
000000530820.jpg,attack_01,person,252.95,13.3,448.2,428.0,True,person,0.9442751407623291,0.9792431616401087,True,person,0.9393562078475952,0.9777162636220692,True,False,0.004918932914733887,0.001526898018039513,True
000000533816.jpg,attack_01,person,264.22,116.79,374.31000000000006,404.94,True,person,0.6674250364303589,0.9701763122353074,True,person,0.8459745049476624,0.6039030308209263,True,False,-0.17854946851730347,0.3662732814143811,True
000000534394.jpg,attack_01,car,3.09,224.66,90.33,345.1,True,car,0.7581238150596619,0.9181305886333385,True,car,0.6753603219985962,0.9056658450647128,True,False,0.08276349306106567,0.012464743568625702,True
000000535608.jpg,attack_01,person,452.04,177.54,497.64000000000004,205.19,True,person,0.6302056312561035,0.7541059371204626,True,person,0.5768969058990479,0.7953482133587806,True,False,0.053308725357055664,-0.041242276238318,True
000000549055.jpg,attack_01,person,314.98,118.55,472.13,292.16,True,person,0.8451423048973083,0.9749859119836696,True,person,0.8549111485481262,0.9737716793304482,True,False,-0.009768843650817871,0.0012142326532214032,True
000000549930.jpg,attack_01,person,80.94,160.29,295.11,558.0,True,person,0.9110147953033447,0.9799562973206843,True,person,0.9182915687561035,0.9810989667911286,True,False,-0.007276773452758789,-0.0011426694704442797,True
000000553669.jpg,attack_01,car,240.78,103.15,404.97,143.31,True,car,0.29535573720932007,0.5042829722211073,False,,,,True,True,,,False
000000555050.jpg,attack_01,car,0.72,177.28,235.17,269.18,True,car,0.9404797554016113,0.977848384847368,True,car,0.9389147758483887,0.9790361927906327,True,False,0.0015649795532226562,-0.0011878079432646738,True
000000555597.jpg,attack_01,car,184.66,423.75,441.32000000000005,510.7,True,car,0.8362075090408325,0.6293570939047098,True,car,0.8500220775604248,0.6310953740179209,True,False,-0.013814568519592285,-0.001738280113211088,True
000000560474.jpg,attack_01,person,258.26,262.39,350.95,389.84,False,,,,False,,,,False,False,,,False
000000561679.jpg,attack_01,car,245.82,323.78,292.57,350.22999999999996,True,car,0.5669350028038025,0.8991314659335929,True,car,0.42317235469818115,0.917671085780416,True,False,0.14376264810562134,-0.018539619846823063,True
000000563653.jpg,attack_01,car,517.8,253.2,618.27,298.59,True,car,0.8152878880500793,0.9686091828962842,True,car,0.8296493887901306,0.9678738073517453,True,False,-0.01436150074005127,0.000735375544538841,True
000000565563.jpg,attack_01,car,83.06,229.75,207.10000000000002,332.22,True,car,0.7570568919181824,0.8587173031241213,True,car,0.6817830204963684,0.8595565803358957,True,False,0.07527387142181396,-0.0008392772117743474,True
000000565853.jpg,attack_01,person,157.58,107.37,271.35,339.96000000000004,True,person,0.8780975341796875,0.8875347489897096,True,person,0.8701984882354736,0.8966293121381603,True,False,0.007899045944213867,-0.009094563148450696,True
000000566758.jpg,attack_01,car,538.82,177.32,633.1700000000001,227.19,True,car,0.3775525391101837,0.7307462683741132,False,,,,True,True,,,False
000000569030.jpg,attack_01,car,426.26,117.6,477.95,154.93,True,car,0.6745598912239075,0.9703437752713981,True,car,0.47051945328712463,0.9462301262076238,True,False,0.20404043793678284,0.024113649063774334,True
000000575243.jpg,attack_01,car,524.04,128.05,640.0,362.24,True,car,0.8693358302116394,0.9728221123257447,True,car,0.8732572793960571,0.9685704774119849,True,False,-0.003921449184417725,0.004251634913759794,True
000000577932.jpg,attack_01,car,495.12,245.3,639.9200000000001,536.0699999999999,True,car,0.8850498795509338,0.9116916057997798,True,car,0.8753305673599243,0.9149798130567846,True,False,0.009719312191009521,-0.0032882072570047383,True
000000577976.jpg,attack_01,car,0.0,275.7,104.1,307.21999999999997,True,car,0.724128246307373,0.8417281674306816,True,car,0.7196303606033325,0.848428089270768,True,False,0.004497885704040527,-0.006699921840086387,True
000000578545.jpg,attack_01,person,182.8,92.46,403.86,376.21999999999997,True,person,0.8170483112335205,0.949701491566923,True,person,0.8661476373672485,0.925993943389214,True,False,-0.04909932613372803,0.023707548177708926,True
000000578871.jpg,attack_01,person,73.18,1.36,289.87,295.53000000000003,True,person,0.9297838807106018,0.943768470115717,True,person,0.9291237592697144,0.9503169778780386,True,False,0.0006601214408874512,-0.0065485077623216315,True
