attack_id,image_id,target_class,clean_image,patched_image,clean_detected,patched_detected,clean_confidence,patched_confidence,clean_bbox_x1,clean_bbox_y1,clean_bbox_x2,clean_bbox_y2,patched_bbox_x1,patched_bbox_y1,patched_bbox_x2,patched_bbox_y2,clean_iou,patched_iou,confidence_drop,iou_drop,eligible,attack_success
attack_01,785,person,D:\project CS\Faster-RCNN-COCO-Attack\source_data\attack_01\clean_images\000000000785.jpg,D:\project CS\Faster-RCNN-COCO-Attack\source_data\attack_01\patched_images\000000000785.jpg,True,True,0.9997261166572571,0.9996474981307983,281.4225769042969,46.265052795410156,500.8974304199219,388.3650817871094,282.0614318847656,45.84281539916992,501.68072509765625,392.122802734375,0.9777258537425554,0.9791962242898354,7.861852645874023e-05,-0.0014703705472800532,True,False
attack_01,9891,person,D:\project CS\Faster-RCNN-COCO-Attack\source_data\attack_01\clean_images\000000009891.jpg,D:\project CS\Faster-RCNN-COCO-Attack\source_data\attack_01\patched_images\000000009891.jpg,True,True,0.9998072981834412,0.9997825026512146,205.09588623046875,96.54328155517578,347.8092041015625,418.2820129394531,205.42730712890625,97.01818084716797,348.28887939453125,421.8558044433594,0.911446947291538,0.9057983893395711,2.47955322265625e-05,0.005648557951966837,True,False
attack_01,11197,person,D:\project CS\Faster-RCNN-COCO-Attack\source_data\attack_01\clean_images\000000011197.jpg,D:\project CS\Faster-RCNN-COCO-Attack\source_data\attack_01\patched_images\000000011197.jpg,True,True,0.9987825751304626,0.999197781085968,310.3489990234375,110.3358383178711,361.80029296875,252.1549530029297,310.3014221191406,111.9598388671875,361.6779479980469,252.9017791748047,0.9496666617135786,0.9639497080639028,-0.0004152059555053711,-0.01428304635032418,True,False
attack_01,17178,car,D:\project CS\Faster-RCNN-COCO-Attack\source_data\attack_01\clean_images\000000017178.jpg,D:\project CS\Faster-RCNN-COCO-Attack\source_data\attack_01\patched_images\000000017178.jpg,True,True,0.9914229512214661,0.982344925403595,432.52337646484375,105.49948120117188,640.0,423.0832214355469,432.92047119140625,114.57415771484375,640.0,427.0,0.9738213735585163,0.9762204782926888,0.009078025817871094,-0.002399104734172486,True,False
attack_01,18150,person,D:\project CS\Faster-RCNN-COCO-Attack\source_data\attack_01\clean_images\000000018150.jpg,D:\project CS\Faster-RCNN-COCO-Attack\source_data\attack_01\patched_images\000000018150.jpg,True,True,0.9988585710525513,0.9979645013809204,0.21561327576637268,6.628473281860352,392.93695068359375,413.7191467285156,4.656187534332275,2.19873046875,402.1701354980469,443.94073486328125,0.8954196947472917,0.9478884545291127,0.0008940696716308594,-0.052468759781821084,True,False
attack_01,19786,person,D:\project CS\Faster-RCNN-COCO-Attack\source_data\attack_01\clean_images\000000019786.jpg,D:\project CS\Faster-RCNN-COCO-Attack\source_data\attack_01\patched_images\000000019786.jpg,True,True,0.9984048008918762,0.9992343187332153,264.0374755859375,30.681194305419922,482.60986328125,374.2025146484375,268.0404052734375,28.549203872680664,481.6225280761719,374.72515869140625,0.8835741313515526,0.8750359466010558,-0.0008295178413391113,0.008538184750496836,True,False
attack_01,38118,person,D:\project CS\Faster-RCNN-COCO-Attack\source_data\attack_01\clean_images\000000038118.jpg,D:\project CS\Faster-RCNN-COCO-Attack\source_data\attack_01\patched_images\000000038118.jpg,True,True,0.9996800422668457,0.9996742010116577,125.10746002197266,219.18002319335938,213.6065673828125,362.8253479003906,124.96025085449219,218.17184448242188,214.0186767578125,358.53558349609375,0.8694101648779421,0.8914613610222653,5.841255187988281e-06,-0.02205119614432316,True,False
attack_01,43737,car,D:\project CS\Faster-RCNN-COCO-Attack\source_data\attack_01\clean_images\000000043737.jpg,D:\project CS\Faster-RCNN-COCO-Attack\source_data\attack_01\patched_images\000000043737.jpg,True,True,0.9090190529823303,0.8026795983314514,110.0784683227539,416.3416748046875,185.2711181640625,450.4971008300781,109.49301147460938,418.74981689453125,178.56817626953125,452.9527282714844,0.8100557930184407,0.7330310690048032,0.1063394546508789,0.07702472401363747,True,False
attack_01,44590,car,D:\project CS\Faster-RCNN-COCO-Attack\source_data\attack_01\clean_images\000000044590.jpg,D:\project CS\Faster-RCNN-COCO-Attack\source_data\attack_01\patched_images\000000044590.jpg,True,True,0.7362544536590576,0.6709005832672119,574.506103515625,91.06253051757812,640.0,136.2974395751953,574.2948608398438,90.72660064697266,640.0,136.31820678710938,0.7273491747925627,0.7350280209765043,0.0653538703918457,-0.007678846183941657,True,False
attack_01,46463,person,D:\project CS\Faster-RCNN-COCO-Attack\source_data\attack_01\clean_images\000000046463.jpg,D:\project CS\Faster-RCNN-COCO-Attack\source_data\attack_01\patched_images\000000046463.jpg,True,True,0.9652159810066223,0.8642523884773254,10.414947509765625,10.581192016601562,289.2575378417969,391.9212646484375,0.463226318359375,16.798629760742188,244.2053680419922,397.56427001953125,0.7952011329357198,0.8756614971331758,0.10096359252929688,-0.08046036419745595,True,False
attack_01,47740,person,D:\project CS\Faster-RCNN-COCO-Attack\source_data\attack_01\clean_images\000000047740.jpg,D:\project CS\Faster-RCNN-COCO-Attack\source_data\attack_01\patched_images\000000047740.jpg,True,True,0.9971099495887756,0.9972220659255981,8.122552871704102,142.6785430908203,473.9966125488281,351.4038391113281,3.1284432411193848,147.05113220214844,476.9850158691406,350.3175048828125,0.9367097918024577,0.9660581050065857,-0.00011211633682250977,-0.029348313204128007,True,False
attack_01,48396,person,D:\project CS\Faster-RCNN-COCO-Attack\source_data\attack_01\clean_images\000000048396.jpg,D:\project CS\Faster-RCNN-COCO-Attack\source_data\attack_01\patched_images\000000048396.jpg,True,True,0.9995300769805908,0.9995512366294861,122.89808654785156,2.14428448677063,363.1405029296875,423.8086853027344,121.70206451416016,0.7754588723182678,364.7264709472656,425.2593078613281,0.9620264896091681,0.9499490977876055,-2.1159648895263672e-05,0.012077391821562644,True,False
attack_01,50679,car,D:\project CS\Faster-RCNN-COCO-Attack\source_data\attack_01\clean_images\000000050679.jpg,D:\project CS\Faster-RCNN-COCO-Attack\source_data\attack_01\patched_images\000000050679.jpg,True,True,0.9391971230506897,0.9051242470741272,475.7592468261719,171.4032745361328,563.4634399414062,224.78445434570312,475.978271484375,171.0633087158203,563.703369140625,225.07835388183594,0.9213279084650825,0.9206682788787643,0.0340728759765625,0.0006596295863181556,True,False
attack_01,52507,person,D:\project CS\Faster-RCNN-COCO-Attack\source_data\attack_01\clean_images\000000052507.jpg,D:\project CS\Faster-RCNN-COCO-Attack\source_data\attack_01\patched_images\000000052507.jpg,True,True,0.999832034111023,0.9997126460075378,109.69782257080078,105.79704284667969,185.51797485351562,286.2706604003906,106.63258361816406,103.67010498046875,183.59991455078125,286.6507568359375,0.8817802359666876,0.9321016383628222,0.00011938810348510742,-0.050321402396134585,True,False
attack_01,54593,car,D:\project CS\Faster-RCNN-COCO-Attack\source_data\attack_01\clean_images\000000054593.jpg,D:\project CS\Faster-RCNN-COCO-Attack\source_data\attack_01\patched_images\000000054593.jpg,True,True,0.9962430000305176,0.9955673813819885,109.38626861572266,73.28854370117188,309.1517639160156,180.43276977539062,106.6932373046875,74.01203918457031,311.62823486328125,181.2251434326172,0.9489712219459893,0.9476133913877762,0.0006756186485290527,0.0013578305582130357,True,False
attack_01,55950,person,D:\project CS\Faster-RCNN-COCO-Attack\source_data\attack_01\clean_images\000000055950.jpg,D:\project CS\Faster-RCNN-COCO-Attack\source_data\attack_01\patched_images\000000055950.jpg,True,True,0.9996460676193237,0.9997010827064514,76.6268081665039,66.64148712158203,308.1099548339844,389.6932067871094,75.55392456054688,71.15372467041016,306.9501037597656,387.0645751953125,0.9555222256793913,0.9501035292145281,-5.501508712768555e-05,0.005418696464863149,True,False
attack_01,57597,car,D:\project CS\Faster-RCNN-COCO-Attack\source_data\attack_01\clean_images\000000057597.jpg,D:\project CS\Faster-RCNN-COCO-Attack\source_data\attack_01\patched_images\000000057597.jpg,True,True,0.9338971376419067,0.9139754176139832,356.92645263671875,104.4363784790039,426.5550231933594,133.8618927001953,352.6031188964844,105.05464935302734,426.8158874511719,133.9517059326172,0.7103691456977486,0.7435407776818798,0.019921720027923584,-0.0331716319841312,True,False
attack_01,58539,car,D:\project CS\Faster-RCNN-COCO-Attack\source_data\attack_01\clean_images\000000058539.jpg,D:\project CS\Faster-RCNN-COCO-Attack\source_data\attack_01\patched_images\000000058539.jpg,True,True,0.9921592473983765,0.9853314161300659,409.3970642089844,136.46127319335938,640.0,414.9755554199219,412.9980163574219,135.6300811767578,640.0,416.275634765625,0.9634593489823835,0.9802037489683009,0.006827831268310547,-0.01674439998591737,True,False
attack_01,63965,person,D:\project CS\Faster-RCNN-COCO-Attack\source_data\attack_01\clean_images\000000063965.jpg,D:\project CS\Faster-RCNN-COCO-Attack\source_data\attack_01\patched_images\000000063965.jpg,True,True,0.9296379685401917,0.9648091197013855,79.43510437011719,2.681976556777954,592.8516845703125,425.9927673339844,51.3427848815918,5.056828498840332,614.47265625,415.9133605957031,0.7920769962015686,0.8638858369220015,-0.03517115116119385,-0.07180884072043292,True,False
attack_01,67213,car,D:\project CS\Faster-RCNN-COCO-Attack\source_data\attack_01\clean_images\000000067213.jpg,D:\project CS\Faster-RCNN-COCO-Attack\source_data\attack_01\patched_images\000000067213.jpg,True,True,0.8677249550819397,0.891460657119751,0.0,305.9005126953125,194.92147827148438,409.67010498046875,0.9261978268623352,305.8954772949219,180.32406616210938,410.44976806640625,0.9503323262871994,0.8884622452062212,-0.02373570203781128,0.061870081080978245,True,False
attack_01,78404,person,D:\project CS\Faster-RCNN-COCO-Attack\source_data\attack_01\clean_images\000000078404.jpg,D:\project CS\Faster-RCNN-COCO-Attack\source_data\attack_01\patched_images\000000078404.jpg,True,True,0.9979782700538635,0.9943125247955322,218.626220703125,12.529458999633789,426.1630554199219,315.66339111328125,213.57101440429688,7.734249114990234,425.18218994140625,320.4303894042969,0.861231246330825,0.8406133991536708,0.003665745258331299,0.020617847177154203,True,False
attack_01,80022,person,D:\project CS\Faster-RCNN-COCO-Attack\source_data\attack_01\clean_images\000000080022.jpg,D:\project CS\Faster-RCNN-COCO-Attack\source_data\attack_01\patched_images\000000080022.jpg,True,True,0.999473512172699,0.9995419979095459,272.9809875488281,105.43170928955078,427.9042663574219,426.0000305175781,272.544921875,105.2739486694336,428.4411315917969,426.0000305175781,0.9419129204825,0.9355741245474888,-6.848573684692383e-05,0.006338795935011188,True,False
attack_01,84170,car,D:\project CS\Faster-RCNN-COCO-Attack\source_data\attack_01\clean_images\000000084170.jpg,D:\project CS\Faster-RCNN-COCO-Attack\source_data\attack_01\patched_images\000000084170.jpg,True,True,0.9985827207565308,0.9988007545471191,131.37103271484375,260.96307373046875,227.14205932617188,332.85162353515625,131.64720153808594,260.800048828125,227.09474182128906,333.468994140625,0.9038273425375195,0.9116242579588434,-0.0002180337905883789,-0.00779691542132388,True,False
attack_01,87038,person,D:\project CS\Faster-RCNN-COCO-Attack\source_data\attack_01\clean_images\000000087038.jpg,D:\project CS\Faster-RCNN-COCO-Attack\source_data\attack_01\patched_images\000000087038.jpg,False,False,,,,,,,,,,,,,,,False,False
attack_01,88462,car,D:\project CS\Faster-RCNN-COCO-Attack\source_data\attack_01\clean_images\000000088462.jpg,D:\project CS\Faster-RCNN-COCO-Attack\source_data\attack_01\patched_images\000000088462.jpg,True,True,0.9945917725563049,0.9922492504119873,25.250686645507812,188.49945068359375,82.56819152832031,230.5426025390625,25.494064331054688,189.2151641845703,82.64237976074219,230.23663330078125,0.9597263250902399,0.9448332899184461,0.002342522144317627,0.014893035171793856,True,False
attack_01,89556,car,D:\project CS\Faster-RCNN-COCO-Attack\source_data\attack_01\clean_images\000000089556.jpg,D:\project CS\Faster-RCNN-COCO-Attack\source_data\attack_01\patched_images\000000089556.jpg,True,True,0.9989748001098633,0.99933260679245,0.20825698971748352,156.2650909423828,305.2763671875,383.4471130371094,0.969994068145752,158.8694305419922,303.99920654296875,381.2242736816406,0.9173135041385087,0.9246547407991916,-0.0003578066825866699,-0.0073412366606829815,True,False
attack_01,89697,person,D:\project CS\Faster-RCNN-COCO-Attack\source_data\attack_01\clean_images\000000089697.jpg,D:\project CS\Faster-RCNN-COCO-Attack\source_data\attack_01\patched_images\000000089697.jpg,True,True,0.9994674324989319,0.9962665438652039,238.36448669433594,230.47689819335938,350.6795654296875,358.1356201171875,247.1831512451172,231.1403045654297,349.6037292480469,356.3082580566406,0.829321063252006,0.8893908135435544,0.0032008886337280273,-0.060069750291548374,True,False
attack_01,90284,person,D:\project CS\Faster-RCNN-COCO-Attack\source_data\attack_01\clean_images\000000090284.jpg,D:\project CS\Faster-RCNN-COCO-Attack\source_data\attack_01\patched_images\000000090284.jpg,True,True,0.9996881484985352,0.9993372559547424,65.82022094726562,144.5789337158203,586.8880004882812,571.1229858398438,63.51362609863281,142.474853515625,579.9462280273438,570.6510620117188,0.9777166228317083,0.9665254229406988,0.0003508925437927246,0.011191199891009584,True,False
attack_01,91495,person,D:\project CS\Faster-RCNN-COCO-Attack\source_data\attack_01\clean_images\000000091495.jpg,D:\project CS\Faster-RCNN-COCO-Attack\source_data\attack_01\patched_images\000000091495.jpg,True,True,0.9988994598388672,0.992672324180603,13.395281791687012,111.60604095458984,244.29144287109375,426.57354736328125,13.430583000183105,115.38662719726562,239.01109313964844,425.2717590332031,0.9605245381974981,0.972926885221179,0.00622713565826416,-0.012402347023680926,True,False
attack_01,92416,person,D:\project CS\Faster-RCNN-COCO-Attack\source_data\attack_01\clean_images\000000092416.jpg,D:\project CS\Faster-RCNN-COCO-Attack\source_data\attack_01\patched_images\000000092416.jpg,True,True,0.9996460676193237,0.9995573163032532,69.75264739990234,45.455135345458984,362.94921875,640.0,69.93378448486328,44.7227897644043,363.1715393066406,640.0,0.9685729518888465,0.9675484827218103,8.875131607055664e-05,0.001024469167036246,True,False
attack_01,94751,car,D:\project CS\Faster-RCNN-COCO-Attack\source_data\attack_01\clean_images\000000094751.jpg,D:\project CS\Faster-RCNN-COCO-Attack\source_data\attack_01\patched_images\000000094751.jpg,True,True,0.9941018223762512,0.9950976967811584,312.5370788574219,273.96820068359375,375.0,310.1548767089844,312.9101257324219,273.8222351074219,375.0,310.5146789550781,0.9888646608258975,0.9810935508169492,-0.0009958744049072266,0.0077711100089483676,True,False
attack_01,100624,person,D:\project CS\Faster-RCNN-COCO-Attack\source_data\attack_01\clean_images\000000100624.jpg,D:\project CS\Faster-RCNN-COCO-Attack\source_data\attack_01\patched_images\000000100624.jpg,True,True,0.9989511966705322,0.9977574944496155,49.369117736816406,47.843257904052734,328.10211181640625,426.23760986328125,47.95415115356445,47.313026428222656,319.51385498046875,426.697021484375,0.9033509148808515,0.9139900509981201,0.001193702220916748,-0.010639136117268633,True,False
attack_01,100723,person,D:\project CS\Faster-RCNN-COCO-Attack\source_data\attack_01\clean_images\000000100723.jpg,D:\project CS\Faster-RCNN-COCO-Attack\source_data\attack_01\patched_images\000000100723.jpg,False,False,,,,,,,,,,,,,,,False,False
attack_01,102805,car,D:\project CS\Faster-RCNN-COCO-Attack\source_data\attack_01\clean_images\000000102805.jpg,D:\project CS\Faster-RCNN-COCO-Attack\source_data\attack_01\patched_images\000000102805.jpg,True,True,0.9979808926582336,0.997767448425293,379.8117980957031,267.73944091796875,608.2476806640625,339.7674255371094,379.3202209472656,266.9184265136719,609.0176391601562,339.14349365234375,0.9561640154495491,0.9743143294357904,0.00021344423294067383,-0.01815031398624134,True,False
attack_01,115946,car,D:\project CS\Faster-RCNN-COCO-Attack\source_data\attack_01\clean_images\000000115946.jpg,D:\project CS\Faster-RCNN-COCO-Attack\source_data\attack_01\patched_images\000000115946.jpg,True,True,0.9940872192382812,0.9959224462509155,120.19371795654297,502.98211669921875,173.77365112304688,543.6287231445312,119.11842346191406,503.3031005859375,174.59255981445312,543.904541015625,0.9286694761034181,0.9307464382491,-0.0018352270126342773,-0.002076962145681871,True,False
attack_01,119445,person,D:\project CS\Faster-RCNN-COCO-Attack\source_data\attack_01\clean_images\000000119445.jpg,D:\project CS\Faster-RCNN-COCO-Attack\source_data\attack_01\patched_images\000000119445.jpg,True,True,0.9997970461845398,0.9997443556785583,177.0377197265625,176.16903686523438,346.1488952636719,388.17205810546875,178.1380157470703,175.09532165527344,346.0924377441406,388.6951904296875,0.9330876031004353,0.9318696042377441,5.269050598144531e-05,0.0012179988626911387,True,False
attack_01,121506,car,D:\project CS\Faster-RCNN-COCO-Attack\source_data\attack_01\clean_images\000000121506.jpg,D:\project CS\Faster-RCNN-COCO-Attack\source_data\attack_01\patched_images\000000121506.jpg,True,True,0.9805474281311035,0.9857711791992188,431.9105224609375,258.0079040527344,528.1516723632812,302.9653015136719,431.03607177734375,259.4754333496094,528.1765747070312,302.7378845214844,0.764291292619257,0.7952053196697617,-0.005223751068115234,-0.030914027050504722,True,False
attack_01,122606,person,D:\project CS\Faster-RCNN-COCO-Attack\source_data\attack_01\clean_images\000000122606.jpg,D:\project CS\Faster-RCNN-COCO-Attack\source_data\attack_01\patched_images\000000122606.jpg,True,True,0.3237140476703644,0.5349174737930298,371.77716064453125,154.10765075683594,429.4350891113281,213.00308227539062,376.30743408203125,150.84654235839844,426.0987854003906,207.81460571289062,0.6880348839937872,0.6950081681918832,-0.2112034261226654,-0.006973284198095953,True,False
attack_01,122672,person,D:\project CS\Faster-RCNN-COCO-Attack\source_data\attack_01\clean_images\000000122672.jpg,D:\project CS\Faster-RCNN-COCO-Attack\source_data\attack_01\patched_images\000000122672.jpg,True,True,0.9998995065689087,0.9993857145309448,223.7997283935547,103.04955291748047,531.3887939453125,322.4619140625,227.02333068847656,105.52105712890625,527.2764282226562,322.10260009765625,0.9210135507911992,0.9233450033941821,0.0005137920379638672,-0.002331452602982953,True,False
attack_01,124798,car,D:\project CS\Faster-RCNN-COCO-Attack\source_data\attack_01\clean_images\000000124798.jpg,D:\project CS\Faster-RCNN-COCO-Attack\source_data\attack_01\patched_images\000000124798.jpg,True,True,0.998766303062439,0.9988774657249451,576.5679931640625,308.9396057128906,639.9991455078125,425.9504089355469,576.5763549804688,309.2882080078125,639.9818115234375,426.2502136230469,0.9496119079448684,0.9496214509072739,-0.00011116266250610352,-9.542962405517663e-06,True,False
attack_01,127092,car,D:\project CS\Faster-RCNN-COCO-Attack\source_data\attack_01\clean_images\000000127092.jpg,D:\project CS\Faster-RCNN-COCO-Attack\source_data\attack_01\patched_images\000000127092.jpg,True,True,0.9982512593269348,0.998773992061615,145.49745178222656,408.7711486816406,219.24696350097656,457.5352783203125,145.1558074951172,408.6466369628906,219.30738830566406,457.1249694824219,0.9376276974225742,0.9274310282213613,-0.0005227327346801758,0.010196669201212982,True,False
attack_01,128675,person,D:\project CS\Faster-RCNN-COCO-Attack\source_data\attack_01\clean_images\000000128675.jpg,D:\project CS\Faster-RCNN-COCO-Attack\source_data\attack_01\patched_images\000000128675.jpg,True,True,0.9966666102409363,0.9969377517700195,336.1529235839844,309.52069091796875,389.09698486328125,441.1044616699219,335.5780944824219,306.77410888671875,389.97186279296875,440.5486145019531,0.9391165428265095,0.8924465440058554,-0.00027114152908325195,0.046669998820654035,True,False
attack_01,130699,car,D:\project CS\Faster-RCNN-COCO-Attack\source_data\attack_01\clean_images\000000130699.jpg,D:\project CS\Faster-RCNN-COCO-Attack\source_data\attack_01\patched_images\000000130699.jpg,True,True,0.9582681059837341,0.8452609181404114,447.8369445800781,243.19664001464844,543.1279296875,290.02587890625,451.6228332519531,243.12890625,541.6553955078125,290.8370666503906,0.840655878059724,0.8865497150767728,0.11300718784332275,-0.045893837017048855,True,False
attack_01,132544,car,D:\project CS\Faster-RCNN-COCO-Attack\source_data\attack_01\clean_images\000000132544.jpg,D:\project CS\Faster-RCNN-COCO-Attack\source_data\attack_01\patched_images\000000132544.jpg,True,True,0.4847245514392853,0.7192830443382263,4.515758514404297,106.67286682128906,278.19378662109375,255.0189666748047,4.299855709075928,105.98368835449219,296.56927490234375,250.8271484375,0.6143926312597117,0.6345608478463431,-0.23455849289894104,-0.020168216586631482,True,False
attack_01,136633,person,D:\project CS\Faster-RCNN-COCO-Attack\source_data\attack_01\clean_images\000000136633.jpg,D:\project CS\Faster-RCNN-COCO-Attack\source_data\attack_01\patched_images\000000136633.jpg,True,True,0.999275267124176,0.9992685914039612,10.53535270690918,253.9503173828125,87.065185546875,468.2635498046875,10.944990158081055,253.869140625,87.4936752319336,469.0001525878906,0.9521699967301838,0.9554771076731811,6.67572021484375e-06,-0.0033071109429972934,True,False
attack_01,140270,person,D:\project CS\Faster-RCNN-COCO-Attack\source_data\attack_01\clean_images\000000140270.jpg,D:\project CS\Faster-RCNN-COCO-Attack\source_data\attack_01\patched_images\000000140270.jpg,True,True,0.9987995624542236,0.9986975193023682,292.4300842285156,60.30217742919922,349.4293518066406,225.9105224609375,292.2633056640625,60.119537353515625,350.5648193359375,225.98709106445312,0.9337563926770637,0.9531292752863509,0.00010204315185546875,-0.019372882609287267,True,False
attack_01,144706,car,D:\project CS\Faster-RCNN-COCO-Attack\source_data\attack_01\clean_images\000000144706.jpg,D:\project CS\Faster-RCNN-COCO-Attack\source_data\attack_01\patched_images\000000144706.jpg,True,True,0.7159724831581116,0.6585128903388977,499.9714050292969,368.4414367675781,547.305419921875,401.5594177246094,501.2095947265625,368.3424377441406,543.5111083984375,400.3876037597656,0.8642402833778497,0.7451486826650399,0.05745959281921387,0.11909160071280989,True,False
attack_01,145597,person,D:\project CS\Faster-RCNN-COCO-Attack\source_data\attack_01\clean_images\000000145597.jpg,D:\project CS\Faster-RCNN-COCO-Attack\source_data\attack_01\patched_images\000000145597.jpg,True,True,0.9980752468109131,0.9972231388092041,357.5688171386719,121.3685531616211,619.6948852539062,474.5841979980469,360.0495300292969,119.68101501464844,620.2392578125,474.96929931640625,0.9016966261019377,0.8922137438634573,0.0008521080017089844,0.009482882238480372,True,False
attack_01,146667,person,D:\project CS\Faster-RCNN-COCO-Attack\source_data\attack_01\clean_images\000000146667.jpg,D:\project CS\Faster-RCNN-COCO-Attack\source_data\attack_01\patched_images\000000146667.jpg,True,True,0.9966157078742981,0.9883928894996643,250.2845001220703,39.75377655029297,445.6582336425781,299.5146484375,250.79698181152344,41.664615631103516,439.6479797363281,303.1815490722656,0.9071348282725505,0.8870291451611025,0.008222818374633789,0.020105683111448003,True,False
attack_01,147725,car,D:\project CS\Faster-RCNN-COCO-Attack\source_data\attack_01\clean_images\000000147725.jpg,D:\project CS\Faster-RCNN-COCO-Attack\source_data\attack_01\patched_images\000000147725.jpg,True,True,0.9935617446899414,0.9947380423545837,402.5975036621094,172.397216796875,578.5682373046875,265.44482421875,402.4205322265625,172.3695068359375,578.4158935546875,264.8115539550781,0.9610745996688208,0.9558936428128212,-0.001176297664642334,0.005180956855999619,True,False
attack_01,148662,person,D:\project CS\Faster-RCNN-COCO-Attack\source_data\attack_01\clean_images\000000148662.jpg,D:\project CS\Faster-RCNN-COCO-Attack\source_data\attack_01\patched_images\000000148662.jpg,True,True,0.9736171960830688,0.990056574344635,72.07167053222656,0.7597046494483948,638.2727661132812,479.2706298828125,18.834978103637695,0.9561401605606079,639.8642578125,478.7751770019531,0.9790088813440195,0.8925705722245636,-0.016439378261566162,0.08643830911945594,True,False
attack_01,155341,car,D:\project CS\Faster-RCNN-COCO-Attack\source_data\attack_01\clean_images\000000155341.jpg,D:\project CS\Faster-RCNN-COCO-Attack\source_data\attack_01\patched_images\000000155341.jpg,True,True,0.994746744632721,0.9968382120132446,149.94204711914062,282.68597412109375,394.4836730957031,413.463623046875,151.5518341064453,283.62042236328125,394.24169921875,413.8020324707031,0.9552794333474202,0.9718044941899792,-0.0020914673805236816,-0.016525060842559003,True,False
attack_01,156071,car,D:\project CS\Faster-RCNN-COCO-Attack\source_data\attack_01\clean_images\000000156071.jpg,D:\project CS\Faster-RCNN-COCO-Attack\source_data\attack_01\patched_images\000000156071.jpg,True,False,0.665526807308197,,304.98577880859375,77.27168273925781,399.7174072265625,121.82329559326172,,,,,0.5579698137068826,,,,True,True
attack_01,157365,car,D:\project CS\Faster-RCNN-COCO-Attack\source_data\attack_01\clean_images\000000157365.jpg,D:\project CS\Faster-RCNN-COCO-Attack\source_data\attack_01\patched_images\000000157365.jpg,True,True,0.9980980753898621,0.9982274174690247,0.8032556176185608,188.13177490234375,118.81043243408203,377.45269775390625,0.6517865061759949,186.77371215820312,118.30431365966797,376.3201904296875,0.9128783728643255,0.9055173361351442,-0.00012934207916259766,0.007361036729181314,True,False
attack_01,158744,car,D:\project CS\Faster-RCNN-COCO-Attack\source_data\attack_01\clean_images\000000158744.jpg,D:\project CS\Faster-RCNN-COCO-Attack\source_data\attack_01\patched_images\000000158744.jpg,True,True,0.9812591671943665,0.9703283309936523,592.7730712890625,93.02049255371094,639.9999389648438,124.33818817138672,592.8269653320312,92.48912048339844,639.7238159179688,123.70773315429688,0.8719552459136136,0.9117316284779744,0.010930836200714111,-0.03977638256436078,True,False
attack_01,160556,person,D:\project CS\Faster-RCNN-COCO-Attack\source_data\attack_01\clean_images\000000160556.jpg,D:\project CS\Faster-RCNN-COCO-Attack\source_data\attack_01\patched_images\000000160556.jpg,True,True,0.9978081583976746,0.9975507855415344,449.6454772949219,80.57283782958984,639.9999389648438,427.15423583984375,450.6163635253906,81.18870544433594,639.9999389648438,428.0000305175781,0.9493358405360822,0.9501846250917169,0.0002573728561401367,-0.0008487845556346407,True,False
attack_01,161128,car,D:\project CS\Faster-RCNN-COCO-Attack\source_data\attack_01\clean_images\000000161128.jpg,D:\project CS\Faster-RCNN-COCO-Attack\source_data\attack_01\patched_images\000000161128.jpg,True,True,0.9987589120864868,0.9936373233795166,1.0729926824569702,391.74761962890625,50.19197082519531,438.56732177734375,0.8987706899642944,391.2171630859375,50.07034683227539,438.8309326171875,0.954526194569332,0.9658098462327462,0.005121588706970215,-0.011283651663414274,True,False
attack_01,166768,person,D:\project CS\Faster-RCNN-COCO-Attack\source_data\attack_01\clean_images\000000166768.jpg,D:\project CS\Faster-RCNN-COCO-Attack\source_data\attack_01\patched_images\000000166768.jpg,True,True,0.9985476136207581,0.9984196424484253,66.89112091064453,15.817937850952148,426.0000305175781,640.0,72.7548828125,18.106266021728516,426.0000305175781,637.817626953125,0.9608617480428852,0.983858643631244,0.00012797117233276367,-0.022996895588358823,True,False
attack_01,167122,car,D:\project CS\Faster-RCNN-COCO-Attack\source_data\attack_01\clean_images\000000167122.jpg,D:\project CS\Faster-RCNN-COCO-Attack\source_data\attack_01\patched_images\000000167122.jpg,True,True,0.9944894313812256,0.9888942837715149,25.003847122192383,209.0736846923828,639.7651977539062,479.3809509277344,60.059913635253906,219.07098388671875,637.988525390625,474.29840087890625,0.960294446147501,0.9193975016931338,0.005595147609710693,0.0408969444543672,True,False
attack_01,168330,car,D:\project CS\Faster-RCNN-COCO-Attack\source_data\attack_01\clean_images\000000168330.jpg,D:\project CS\Faster-RCNN-COCO-Attack\source_data\attack_01\patched_images\000000168330.jpg,True,True,0.9616879820823669,0.9602830410003662,15.94171142578125,187.2470245361328,57.71323776245117,225.73680114746094,16.157264709472656,186.81565856933594,58.73881530761719,226.05380249023438,0.8034336955779896,0.8349380139504122,0.0014049410820007324,-0.031504318372422624,True,False
attack_01,170116,person,D:\project CS\Faster-RCNN-COCO-Attack\source_data\attack_01\clean_images\000000170116.jpg,D:\project CS\Faster-RCNN-COCO-Attack\source_data\attack_01\patched_images\000000170116.jpg,True,False,0.45417577028274536,,112.6263656616211,97.75582885742188,156.51296997070312,143.15562438964844,,,,,0.8043114392681296,,,,True,True
attack_01,174371,person,D:\project CS\Faster-RCNN-COCO-Attack\source_data\attack_01\clean_images\000000174371.jpg,D:\project CS\Faster-RCNN-COCO-Attack\source_data\attack_01\patched_images\000000174371.jpg,True,True,0.9996788501739502,0.9999152421951294,222.68812561035156,96.1797103881836,640.0,511.0,230.8232879638672,86.62442779541016,640.0,510.4881896972656,0.9663074421856052,0.9509786518753697,-0.00023639202117919922,0.015328790310235485,True,False
attack_01,177015,person,D:\project CS\Faster-RCNN-COCO-Attack\source_data\attack_01\clean_images\000000177015.jpg,D:\project CS\Faster-RCNN-COCO-Attack\source_data\attack_01\patched_images\000000177015.jpg,True,True,0.9854710102081299,0.9732425212860107,178.94651794433594,2.9599733352661133,635.0551147460938,379.3603820800781,164.44534301757812,3.2441346645355225,640.0,421.1939392089844,0.568015481956973,0.6586691113540981,0.01222848892211914,-0.09065362939712507,True,False
attack_01,181303,person,D:\project CS\Faster-RCNN-COCO-Attack\source_data\attack_01\clean_images\000000181303.jpg,D:\project CS\Faster-RCNN-COCO-Attack\source_data\attack_01\patched_images\000000181303.jpg,True,True,0.997595489025116,0.9973151087760925,225.30567932128906,87.09799194335938,291.2130432128906,320.1855163574219,226.6566925048828,86.5867691040039,291.41925048828125,319.394287109375,0.8560161754003404,0.8756093987806611,0.0002803802490234375,-0.019593223380320768,True,False
attack_01,183246,car,D:\project CS\Faster-RCNN-COCO-Attack\source_data\attack_01\clean_images\000000183246.jpg,D:\project CS\Faster-RCNN-COCO-Attack\source_data\attack_01\patched_images\000000183246.jpg,False,False,,,,,,,,,,,,,,,False,False
attack_01,183391,person,D:\project CS\Faster-RCNN-COCO-Attack\source_data\attack_01\clean_images\000000183391.jpg,D:\project CS\Faster-RCNN-COCO-Attack\source_data\attack_01\patched_images\000000183391.jpg,False,False,,,,,,,,,,,,,,,False,False
attack_01,184324,person,D:\project CS\Faster-RCNN-COCO-Attack\source_data\attack_01\clean_images\000000184324.jpg,D:\project CS\Faster-RCNN-COCO-Attack\source_data\attack_01\patched_images\000000184324.jpg,False,False,,,,,,,,,,,,,,,False,False
attack_01,186624,person,D:\project CS\Faster-RCNN-COCO-Attack\source_data\attack_01\clean_images\000000186624.jpg,D:\project CS\Faster-RCNN-COCO-Attack\source_data\attack_01\patched_images\000000186624.jpg,True,True,0.9966417551040649,0.997426450252533,39.4421501159668,282.66851806640625,98.40841674804688,479.42510986328125,40.81718826293945,283.45654296875,98.80590057373047,479.5878601074219,0.8918630688926085,0.8987499769632696,-0.0007846951484680176,-0.0068869080706611685,True,False
attack_01,191013,car,D:\project CS\Faster-RCNN-COCO-Attack\source_data\attack_01\clean_images\000000191013.jpg,D:\project CS\Faster-RCNN-COCO-Attack\source_data\attack_01\patched_images\000000191013.jpg,True,True,0.9974070191383362,0.9968432188034058,44.10386276245117,549.29541015625,225.76165771484375,638.3984375,46.27878189086914,551.2244262695312,224.07737731933594,639.982421875,0.9665073913652905,0.9625021918159836,0.0005638003349304199,0.004005199549306893,True,False
attack_01,191672,person,D:\project CS\Faster-RCNN-COCO-Attack\source_data\attack_01\clean_images\000000191672.jpg,D:\project CS\Faster-RCNN-COCO-Attack\source_data\attack_01\patched_images\000000191672.jpg,True,True,0.9999040365219116,0.9997419714927673,366.91180419921875,154.07305908203125,476.8948059082031,253.837890625,366.09344482421875,153.0088348388672,477.19940185546875,256.3417053222656,0.9012820448274625,0.9341912729727755,0.0001620650291442871,-0.03290922814531294,True,False
attack_01,192670,car,D:\project CS\Faster-RCNN-COCO-Attack\source_data\attack_01\clean_images\000000192670.jpg,D:\project CS\Faster-RCNN-COCO-Attack\source_data\attack_01\patched_images\000000192670.jpg,True,True,0.9030206203460693,0.9374232888221741,224.31422424316406,93.06007385253906,399.24493408203125,180.6881103515625,223.75238037109375,93.0252685546875,402.4578857421875,181.5423583984375,0.9189366922793902,0.8965300624737448,-0.034402668476104736,0.02240662980564545,True,False
attack_01,192716,car,D:\project CS\Faster-RCNN-COCO-Attack\source_data\attack_01\clean_images\000000192716.jpg,D:\project CS\Faster-RCNN-COCO-Attack\source_data\attack_01\patched_images\000000192716.jpg,True,True,0.9990453124046326,0.9988921284675598,134.9071807861328,595.268310546875,233.65823364257812,640.0,135.105712890625,595.38818359375,233.2902069091797,640.0,0.9635680736124845,0.9643658303285597,0.0001531839370727539,-0.000797756716075182,True,False
attack_01,193926,person,D:\project CS\Faster-RCNN-COCO-Attack\source_data\attack_01\clean_images\000000193926.jpg,D:\project CS\Faster-RCNN-COCO-Attack\source_data\attack_01\patched_images\000000193926.jpg,True,True,0.9562540650367737,0.8973351120948792,446.4923095703125,321.1837463378906,619.6564331054688,455.89892578125,448.2624206542969,321.2130126953125,619.7028198242188,445.59423828125,0.7859184568557323,0.71840779521833,0.05891895294189453,0.06751066163740227,True,False
attack_01,195842,person,D:\project CS\Faster-RCNN-COCO-Attack\source_data\attack_01\clean_images\000000195842.jpg,D:\project CS\Faster-RCNN-COCO-Attack\source_data\attack_01\patched_images\000000195842.jpg,True,True,0.9989367127418518,0.9988855719566345,417.6874694824219,45.34991455078125,559.7216796875,465.6211853027344,419.6272888183594,45.96553421020508,559.6356201171875,465.95904541015625,0.9205138762037691,0.909397512135071,5.1140785217285156e-05,0.011116364068698092,True,False
attack_01,196141,car,D:\project CS\Faster-RCNN-COCO-Attack\source_data\attack_01\clean_images\000000196141.jpg,D:\project CS\Faster-RCNN-COCO-Attack\source_data\attack_01\patched_images\000000196141.jpg,True,True,0.6080796122550964,0.5494845509529114,480.7075500488281,74.63536834716797,585.0608520507812,129.82688903808594,503.55291748046875,77.52113342285156,585.2791748046875,139.44419860839844,0.7557395088960329,0.6149888210443523,0.05859506130218506,0.14075068785168066,True,False
attack_01,198489,person,D:\project CS\Faster-RCNN-COCO-Attack\source_data\attack_01\clean_images\000000198489.jpg,D:\project CS\Faster-RCNN-COCO-Attack\source_data\attack_01\patched_images\000000198489.jpg,True,True,0.9993842840194702,0.9993690848350525,107.1177749633789,91.33832550048828,271.8869934082031,428.6416015625,107.3027572631836,90.54833984375,269.6777038574219,429.92449951171875,0.9453940723235967,0.9332012543249457,1.519918441772461e-05,0.012192817998651018,True,False
attack_01,199771,person,D:\project CS\Faster-RCNN-COCO-Attack\source_data\attack_01\clean_images\000000199771.jpg,D:\project CS\Faster-RCNN-COCO-Attack\source_data\attack_01\patched_images\000000199771.jpg,True,True,0.9993104934692383,0.9995878338813782,38.968563079833984,56.57110595703125,225.862060546875,425.0,14.658916473388672,58.442138671875,221.01356506347656,423.47467041015625,0.9393852127341237,0.8330925188715472,-0.0002773404121398926,0.10629269386257645,True,False
attack_01,201934,car,D:\project CS\Faster-RCNN-COCO-Attack\source_data\attack_01\clean_images\000000201934.jpg,D:\project CS\Faster-RCNN-COCO-Attack\source_data\attack_01\patched_images\000000201934.jpg,True,True,0.9688882231712341,0.9699572920799255,261.0270080566406,161.35911560058594,296.62200927734375,194.23890686035156,260.95648193359375,160.79928588867188,296.9077453613281,193.58578491210938,0.8864867017235174,0.9249550553719954,-0.0010690689086914062,-0.038468353648478004,True,False
attack_01,205105,person,D:\project CS\Faster-RCNN-COCO-Attack\source_data\attack_01\clean_images\000000205105.jpg,D:\project CS\Faster-RCNN-COCO-Attack\source_data\attack_01\patched_images\000000205105.jpg,True,True,0.9995385408401489,0.9996227025985718,141.4805450439453,123.89874267578125,304.5850524902344,427.2378845214844,140.26072692871094,124.06549072265625,303.9051513671875,426.132080078125,0.973219793066917,0.9670154077819775,-8.416175842285156e-05,0.006204385284939495,True,False
attack_01,208423,car,D:\project CS\Faster-RCNN-COCO-Attack\source_data\attack_01\clean_images\000000208423.jpg,D:\project CS\Faster-RCNN-COCO-Attack\source_data\attack_01\patched_images\000000208423.jpg,True,True,0.9850677251815796,0.9642356634140015,69.11402893066406,437.7994079589844,193.1342315673828,480.0000305175781,69.06736755371094,438.608154296875,191.2028350830078,480.0000305175781,0.9576064755063354,0.9442711597580808,0.020832061767578125,0.013335315748254528,True,False
attack_01,213593,car,D:\project CS\Faster-RCNN-COCO-Attack\source_data\attack_01\clean_images\000000213593.jpg,D:\project CS\Faster-RCNN-COCO-Attack\source_data\attack_01\patched_images\000000213593.jpg,True,True,0.9739936590194702,0.9592291116714478,197.62432861328125,379.244384765625,270.44219970703125,425.96295166015625,198.0343475341797,377.9902648925781,272.52685546875,426.0000305175781,0.8816766084020958,0.9370419858494171,0.014764547348022461,-0.055365377447321285,True,False
attack_01,214200,car,D:\project CS\Faster-RCNN-COCO-Attack\source_data\attack_01\clean_images\000000214200.jpg,D:\project CS\Faster-RCNN-COCO-Attack\source_data\attack_01\patched_images\000000214200.jpg,True,True,0.9996819496154785,0.9997532963752747,21.378276824951172,485.9971618652344,427.0,630.6452026367188,28.220924377441406,487.7648620605469,427.0,631.06982421875,0.9469269057973074,0.9659705401545878,-7.134675979614258e-05,-0.019043634357280403,True,False
attack_01,224051,car,D:\project CS\Faster-RCNN-COCO-Attack\source_data\attack_01\clean_images\000000224051.jpg,D:\project CS\Faster-RCNN-COCO-Attack\source_data\attack_01\patched_images\000000224051.jpg,True,True,0.9934811592102051,0.9963594079017639,235.87542724609375,160.69338989257812,309.31488037109375,213.4958038330078,236.0665283203125,161.9078369140625,309.3543701171875,213.6067657470703,0.9110163888711432,0.9286247014728246,-0.002878248691558838,-0.017608312601681386,True,False
attack_01,224119,person,D:\project CS\Faster-RCNN-COCO-Attack\source_data\attack_01\clean_images\000000224119.jpg,D:\project CS\Faster-RCNN-COCO-Attack\source_data\attack_01\patched_images\000000224119.jpg,True,True,0.9568951725959778,0.9876333475112915,177.91688537597656,147.36647033691406,239.48463439941406,213.88592529296875,176.77760314941406,146.58132934570312,240.3035125732422,209.45957946777344,0.5907112541929703,0.5670224179720996,-0.03073817491531372,0.0236888362208707,True,False
attack_01,224807,person,D:\project CS\Faster-RCNN-COCO-Attack\source_data\attack_01\clean_images\000000224807.jpg,D:\project CS\Faster-RCNN-COCO-Attack\source_data\attack_01\patched_images\000000224807.jpg,False,False,,,,,,,,,,,,,,,False,False
attack_01,229216,person,D:\project CS\Faster-RCNN-COCO-Attack\source_data\attack_01\clean_images\000000229216.jpg,D:\project CS\Faster-RCNN-COCO-Attack\source_data\attack_01\patched_images\000000229216.jpg,True,True,0.9996720552444458,0.9990553259849548,138.74293518066406,5.867218017578125,583.6245727539062,426.0000305175781,111.71472930908203,1.3455668687820435,582.8811645507812,425.27154541015625,0.9665575095240967,0.9018500576964356,0.0006167292594909668,0.06470745182766113,True,False
attack_01,229601,person,D:\project CS\Faster-RCNN-COCO-Attack\source_data\attack_01\clean_images\000000229601.jpg,D:\project CS\Faster-RCNN-COCO-Attack\source_data\attack_01\patched_images\000000229601.jpg,True,True,0.9997829794883728,0.9994194507598877,91.64292907714844,73.4062271118164,260.9227294921875,351.7436218261719,90.80763244628906,71.35665130615234,261.3961486816406,353.7386779785156,0.962338167883125,0.9561415868146759,0.0003635287284851074,0.006196581068449114,True,False
attack_01,230008,car,D:\project CS\Faster-RCNN-COCO-Attack\source_data\attack_01\clean_images\000000230008.jpg,D:\project CS\Faster-RCNN-COCO-Attack\source_data\attack_01\patched_images\000000230008.jpg,True,True,0.9901593327522278,0.9865342378616333,404.0797119140625,76.56927490234375,637.6453247070312,313.1640319824219,406.11761474609375,77.4754409790039,638.4871215820312,314.1432189941406,0.8478360959817886,0.8522772906916254,0.0036250948905944824,-0.004441194709836838,True,False
attack_01,239537,person,D:\project CS\Faster-RCNN-COCO-Attack\source_data\attack_01\clean_images\000000239537.jpg,D:\project CS\Faster-RCNN-COCO-Attack\source_data\attack_01\patched_images\000000239537.jpg,True,True,0.9998183846473694,0.9996765851974487,266.49249267578125,23.193153381347656,525.4105224609375,405.4959716796875,264.9189453125,21.57262420654297,526.703125,408.0781555175781,0.9693327791747095,0.9631566695901059,0.0001417994499206543,0.006176109584603573,True,False
attack_01,245320,person,D:\project CS\Faster-RCNN-COCO-Attack\source_data\attack_01\clean_images\000000245320.jpg,D:\project CS\Faster-RCNN-COCO-Attack\source_data\attack_01\patched_images\000000245320.jpg,True,True,0.9996728897094727,0.9997314810752869,183.16529846191406,95.15583038330078,379.43756103515625,293.51715087890625,183.09881591796875,94.96781158447266,377.0761413574219,291.9805603027344,0.9475677385827267,0.9384801431877318,-5.8591365814208984e-05,0.00908759539499493,True,False
attack_01,246454,person,D:\project CS\Faster-RCNN-COCO-Attack\source_data\attack_01\clean_images\000000246454.jpg,D:\project CS\Faster-RCNN-COCO-Attack\source_data\attack_01\patched_images\000000246454.jpg,True,True,0.9962964653968811,0.9968164563179016,195.07228088378906,14.75192928314209,548.2804565429688,595.5227661132812,182.29556274414062,14.357470512390137,552.1102905273438,596.331787109375,0.7655821110162714,0.7981952978112238,-0.0005199909210205078,-0.0326131867949524,True,False
attack_01,248752,person,D:\project CS\Faster-RCNN-COCO-Attack\source_data\attack_01\clean_images\000000248752.jpg,D:\project CS\Faster-RCNN-COCO-Attack\source_data\attack_01\patched_images\000000248752.jpg,True,True,0.9975277781486511,0.9975109100341797,84.64949798583984,75.62743377685547,412.5785827636719,375.0,90.09420776367188,73.93667602539062,420.1119689941406,375.0,0.7853447190733148,0.7866041963992723,1.6868114471435547e-05,-0.0012594773259574366,True,False
attack_01,250127,person,D:\project CS\Faster-RCNN-COCO-Attack\source_data\attack_01\clean_images\000000250127.jpg,D:\project CS\Faster-RCNN-COCO-Attack\source_data\attack_01\patched_images\000000250127.jpg,True,True,0.9986554384231567,0.9982755184173584,236.2427215576172,190.63235473632812,375.3195495605469,606.5932006835938,229.257568359375,185.15367126464844,375.86627197265625,603.2507934570312,0.9490876008910172,0.9198751443148718,0.00037992000579833984,0.02921245657614535,True,False
attack_01,252294,person,D:\project CS\Faster-RCNN-COCO-Attack\source_data\attack_01\clean_images\000000252294.jpg,D:\project CS\Faster-RCNN-COCO-Attack\source_data\attack_01\patched_images\000000252294.jpg,True,True,0.5111917853355408,0.9978002905845642,90.0743408203125,43.460182189941406,235.3888397216797,379.6274719238281,57.18579864501953,41.305171966552734,330.67279052734375,497.7056884765625,0.6200406455330625,0.593165416668342,-0.48660850524902344,0.02687522886472049,True,False
attack_01,259690,car,D:\project CS\Faster-RCNN-COCO-Attack\source_data\attack_01\clean_images\000000259690.jpg,D:\project CS\Faster-RCNN-COCO-Attack\source_data\attack_01\patched_images\000000259690.jpg,True,True,0.8208940625190735,0.7156714200973511,452.7012634277344,112.98867797851562,574.7701416015625,153.7430419921875,448.0012512207031,112.45062255859375,566.312255859375,151.70704650878906,0.8620683181004951,0.8820374236289372,0.10522264242172241,-0.01996910552844211,True,False
attack_01,260266,car,D:\project CS\Faster-RCNN-COCO-Attack\source_data\attack_01\clean_images\000000260266.jpg,D:\project CS\Faster-RCNN-COCO-Attack\source_data\attack_01\patched_images\000000260266.jpg,True,True,0.9970722198486328,0.9946763515472412,51.157405853271484,514.999755859375,124.02601623535156,552.4489135742188,50.455806732177734,514.8455200195312,125.79386138916016,552.1626586914062,0.9367713166423702,0.9379218205824899,0.0023958683013916016,-0.0011505039401196182,True,False
attack_01,261535,person,D:\project CS\Faster-RCNN-COCO-Attack\source_data\attack_01\clean_images\000000261535.jpg,D:\project CS\Faster-RCNN-COCO-Attack\source_data\attack_01\patched_images\000000261535.jpg,True,True,0.9997101426124573,0.9997279047966003,197.16981506347656,120.70933532714844,330.69146728515625,556.7628173828125,196.66769409179688,122.80326080322266,329.3036193847656,558.2271728515625,0.9655915093463012,0.9464239765658456,-1.7762184143066406e-05,0.019167532780455576,True,False
attack_01,261982,car,D:\project CS\Faster-RCNN-COCO-Attack\source_data\attack_01\clean_images\000000261982.jpg,D:\project CS\Faster-RCNN-COCO-Attack\source_data\attack_01\patched_images\000000261982.jpg,True,True,0.9792628884315491,0.9699318408966064,1.2214984893798828,7.9924492835998535,259.1339416503906,232.0894012451172,1.0955960750579834,6.876090049743652,236.81336975097656,229.39422607421875,0.9266454809205119,0.9046078267804002,0.009331047534942627,0.022037654140111718,True,False
attack_01,266400,person,D:\project CS\Faster-RCNN-COCO-Attack\source_data\attack_01\clean_images\000000266400.jpg,D:\project CS\Faster-RCNN-COCO-Attack\source_data\attack_01\patched_images\000000266400.jpg,True,True,0.9648352861404419,0.9569467902183533,40.28656768798828,0.8562043905258179,76.75263977050781,55.99156951904297,40.80436325073242,0.7850371599197388,76.83314514160156,55.76869583129883,0.830114631613206,0.820336433061765,0.007888495922088623,0.00977819855144102,True,False
attack_01,268000,person,D:\project CS\Faster-RCNN-COCO-Attack\source_data\attack_01\clean_images\000000268000.jpg,D:\project CS\Faster-RCNN-COCO-Attack\source_data\attack_01\patched_images\000000268000.jpg,True,True,0.9941548705101013,0.9938578009605408,597.87646484375,148.8504180908203,640.0,258.36834716796875,598.0892333984375,148.83851623535156,640.0,256.634765625,0.652863228569191,0.6624772577757898,0.0002970695495605469,-0.009614029206598818,True,False
attack_01,270677,person,D:\project CS\Faster-RCNN-COCO-Attack\source_data\attack_01\clean_images\000000270677.jpg,D:\project CS\Faster-RCNN-COCO-Attack\source_data\attack_01\patched_images\000000270677.jpg,True,True,0.9995985627174377,0.9995669722557068,174.02023315429688,80.58676147460938,437.09228515625,638.71533203125,175.8407745361328,82.52136993408203,442.0875549316406,637.2874755859375,0.89117782579892,0.9156816834683397,3.159046173095703e-05,-0.02450385766941965,True,False
attack_01,274272,car,D:\project CS\Faster-RCNN-COCO-Attack\source_data\attack_01\clean_images\000000274272.jpg,D:\project CS\Faster-RCNN-COCO-Attack\source_data\attack_01\patched_images\000000274272.jpg,True,True,0.988018274307251,0.9926632642745972,49.622806549072266,385.6773986816406,213.2131805419922,478.7055358886719,43.34149169921875,385.7677307128906,212.48104858398438,479.32061767578125,0.8190276395003817,0.8404598401233225,-0.004644989967346191,-0.021432200622940822,True,False
attack_01,274411,car,D:\project CS\Faster-RCNN-COCO-Attack\source_data\attack_01\clean_images\000000274411.jpg,D:\project CS\Faster-RCNN-COCO-Attack\source_data\attack_01\patched_images\000000274411.jpg,True,True,0.8936898112297058,0.3946746289730072,29.616804122924805,161.2716522216797,402.20892333984375,388.4738464355469,25.806751251220703,223.06642150878906,420.4983825683594,473.6523132324219,0.6636805274588814,0.6913215568645252,0.4990151822566986,-0.027641029405643835,True,False
attack_01,278848,car,D:\project CS\Faster-RCNN-COCO-Attack\source_data\attack_01\clean_images\000000278848.jpg,D:\project CS\Faster-RCNN-COCO-Attack\source_data\attack_01\patched_images\000000278848.jpg,True,True,0.9908772110939026,0.9871834516525269,436.6134033203125,351.1358642578125,479.69775390625,393.66552734375,436.93115234375,350.703125,479.8823547363281,392.987060546875,0.9328305367498889,0.8997276513605365,0.0036937594413757324,0.033102885389352465,True,False
attack_01,283037,car,D:\project CS\Faster-RCNN-COCO-Attack\source_data\attack_01\clean_images\000000283037.jpg,D:\project CS\Faster-RCNN-COCO-Attack\source_data\attack_01\patched_images\000000283037.jpg,True,True,0.9791243672370911,0.9729467630386353,1.8756707906723022,356.2806701660156,92.94894409179688,448.6805114746094,0.9001615047454834,354.3505554199219,92.93714904785156,450.5793151855469,0.9657132951501447,0.9371975753083902,0.0061776041984558105,0.028515719841754494,True,False
attack_01,283038,car,D:\project CS\Faster-RCNN-COCO-Attack\source_data\attack_01\clean_images\000000283038.jpg,D:\project CS\Faster-RCNN-COCO-Attack\source_data\attack_01\patched_images\000000283038.jpg,True,True,0.995559573173523,0.9927553534507751,0.1542920619249344,186.45733642578125,47.87942123413086,215.7080535888672,0.0961901843547821,184.2635040283203,47.72344970703125,216.06649780273438,0.9695741091481465,0.89052096917289,0.0028042197227478027,0.07905313997525643,True,False
attack_01,292155,person,D:\project CS\Faster-RCNN-COCO-Attack\source_data\attack_01\clean_images\000000292155.jpg,D:\project CS\Faster-RCNN-COCO-Attack\source_data\attack_01\patched_images\000000292155.jpg,True,True,0.7530597448348999,0.781778872013092,460.4072570800781,447.4045715332031,554.0172119140625,479.8775939941406,457.5566101074219,451.04583740234375,551.9771728515625,479.7928161621094,0.7797536984199545,0.6936183687829567,-0.02871912717819214,0.08613532963699777,True,False
attack_01,292415,person,D:\project CS\Faster-RCNN-COCO-Attack\source_data\attack_01\clean_images\000000292415.jpg,D:\project CS\Faster-RCNN-COCO-Attack\source_data\attack_01\patched_images\000000292415.jpg,True,True,0.9952915906906128,0.994659960269928,70.96239471435547,126.1148910522461,210.25311279296875,244.9716796875,72.44989013671875,125.83738708496094,213.32449340820312,247.15625,0.8266240154926505,0.8666673081880718,0.0006316304206848145,-0.040043292695421284,True,False
attack_01,292997,car,D:\project CS\Faster-RCNN-COCO-Attack\source_data\attack_01\clean_images\000000292997.jpg,D:\project CS\Faster-RCNN-COCO-Attack\source_data\attack_01\patched_images\000000292997.jpg,True,True,0.6735053062438965,0.7196087837219238,1.4234544038772583,210.6828155517578,190.4824676513672,386.5054626464844,1.216296672821045,212.38876342773438,189.5773162841797,388.2672424316406,0.9631217801713675,0.9610639897141515,-0.046103477478027344,0.002057790457215991,True,False
attack_01,295420,car,D:\project CS\Faster-RCNN-COCO-Attack\source_data\attack_01\clean_images\000000295420.jpg,D:\project CS\Faster-RCNN-COCO-Attack\source_data\attack_01\patched_images\000000295420.jpg,True,True,0.9990988969802856,0.9990658164024353,59.50348663330078,290.04827880859375,91.5958251953125,318.1214904785156,58.8724365234375,290.0050048828125,91.85830688476562,318.35162353515625,0.9316708342562652,0.9386609697232472,3.30805778503418e-05,-0.006990135466982017,True,False
attack_01,296224,car,D:\project CS\Faster-RCNN-COCO-Attack\source_data\attack_01\clean_images\000000296224.jpg,D:\project CS\Faster-RCNN-COCO-Attack\source_data\attack_01\patched_images\000000296224.jpg,True,True,0.9874082803726196,0.9803562164306641,0.13309787213802338,171.69725036621094,54.10370635986328,220.6506805419922,0.28847986459732056,171.8246612548828,56.6240348815918,219.62771606445312,0.6038507785375662,0.60659822903361,0.007052063941955566,-0.0027474504960438573,True,False
attack_01,297578,person,D:\project CS\Faster-RCNN-COCO-Attack\source_data\attack_01\clean_images\000000297578.jpg,D:\project CS\Faster-RCNN-COCO-Attack\source_data\attack_01\patched_images\000000297578.jpg,True,True,0.998994767665863,0.9992399215698242,146.9178009033203,4.53347635269165,331.8004150390625,279.8990478515625,149.6778106689453,4.786744117736816,330.8794250488281,278.2790222167969,0.9175851222763455,0.9426380044699489,-0.00024515390396118164,-0.025052882193603465,True,False
attack_01,301135,car,D:\project CS\Faster-RCNN-COCO-Attack\source_data\attack_01\clean_images\000000301135.jpg,D:\project CS\Faster-RCNN-COCO-Attack\source_data\attack_01\patched_images\000000301135.jpg,True,True,0.9965152740478516,0.996588945388794,297.8616027832031,348.650146484375,409.148193359375,396.9283142089844,298.1379699707031,348.2239074707031,409.01483154296875,396.66845703125,0.9285061973011041,0.9265434279063979,-7.367134094238281e-05,0.0019627693947061875,True,False
attack_01,301376,car,D:\project CS\Faster-RCNN-COCO-Attack\source_data\attack_01\clean_images\000000301376.jpg,D:\project CS\Faster-RCNN-COCO-Attack\source_data\attack_01\patched_images\000000301376.jpg,True,True,0.9967888593673706,0.9967448711395264,0.19602227210998535,384.83111572265625,95.5949478149414,478.4261169433594,0.07778964191675186,384.3111267089844,95.36864471435547,477.86029052734375,0.8829072728014788,0.8762714590528393,4.398822784423828e-05,0.00663581374863953,True,False
attack_01,301421,car,D:\project CS\Faster-RCNN-COCO-Attack\source_data\attack_01\clean_images\000000301421.jpg,D:\project CS\Faster-RCNN-COCO-Attack\source_data\attack_01\patched_images\000000301421.jpg,True,True,0.9945741295814514,0.9943013191223145,297.1851501464844,95.63166809082031,378.01531982421875,156.25279235839844,296.0677490234375,97.87572479248047,377.0647277832031,155.68670654296875,0.9282089707362078,0.9675354578859474,0.0002728104591369629,-0.03932648714973963,True,False
attack_01,308531,car,D:\project CS\Faster-RCNN-COCO-Attack\source_data\attack_01\clean_images\000000308531.jpg,D:\project CS\Faster-RCNN-COCO-Attack\source_data\attack_01\patched_images\000000308531.jpg,True,True,0.9057673215866089,0.9085687398910522,299.3168029785156,567.2694091796875,359.0,612.8738403320312,299.6354064941406,566.8460083007812,359.0,612.642822265625,0.744460609484264,0.7593312424428134,-0.0028014183044433594,-0.014870632958549401,True,False
attack_01,327306,person,D:\project CS\Faster-RCNN-COCO-Attack\source_data\attack_01\clean_images\000000327306.jpg,D:\project CS\Faster-RCNN-COCO-Attack\source_data\attack_01\patched_images\000000327306.jpg,True,True,0.9960440397262573,0.994415283203125,36.674652099609375,0.00116729736328125,184.68702697753906,162.2247314453125,34.70667266845703,0.0,187.03811645507812,160.0312042236328,0.9831205297942256,0.9645121930670233,0.0016287565231323242,0.0186083367272023,True,False
attack_01,328601,person,D:\project CS\Faster-RCNN-COCO-Attack\source_data\attack_01\clean_images\000000328601.jpg,D:\project CS\Faster-RCNN-COCO-Attack\source_data\attack_01\patched_images\000000328601.jpg,True,True,0.9992225170135498,0.9988694787025452,81.5639419555664,19.789901733398438,329.9843444824219,636.4352416992188,81.18555450439453,23.66204833984375,329.8972473144531,638.1958618164062,0.9664119113829445,0.9587566599212896,0.00035303831100463867,0.0076552514616549105,True,False
attack_01,334417,person,D:\project CS\Faster-RCNN-COCO-Attack\source_data\attack_01\clean_images\000000334417.jpg,D:\project CS\Faster-RCNN-COCO-Attack\source_data\attack_01\patched_images\000000334417.jpg,True,True,0.9991119503974915,0.9992239475250244,73.10725402832031,73.14736938476562,613.5594482421875,421.7434387207031,80.02989196777344,74.02099609375,610.234375,421.4535827636719,0.8840209878685497,0.8992950536820784,-0.00011199712753295898,-0.015274065813528748,True,False
attack_01,334555,car,D:\project CS\Faster-RCNN-COCO-Attack\source_data\attack_01\clean_images\000000334555.jpg,D:\project CS\Faster-RCNN-COCO-Attack\source_data\attack_01\patched_images\000000334555.jpg,True,True,0.9410451054573059,0.8545755743980408,453.1453857421875,182.48919677734375,581.08740234375,258.5527038574219,454.94384765625,181.335205078125,579.7633056640625,258.51007080078125,0.9333832640337891,0.9098369729786249,0.08646953105926514,0.02354629105516426,True,False
attack_01,338560,car,D:\project CS\Faster-RCNN-COCO-Attack\source_data\attack_01\clean_images\000000338560.jpg,D:\project CS\Faster-RCNN-COCO-Attack\source_data\attack_01\patched_images\000000338560.jpg,True,True,0.9958288073539734,0.997379720211029,56.8988151550293,164.82749938964844,138.03134155273438,200.7799835205078,56.52439880371094,163.91493225097656,138.72323608398438,201.1257781982422,0.9684873124904303,0.9322595041963342,-0.001550912857055664,0.03622780829409611,True,False
attack_01,338625,car,D:\project CS\Faster-RCNN-COCO-Attack\source_data\attack_01\clean_images\000000338625.jpg,D:\project CS\Faster-RCNN-COCO-Attack\source_data\attack_01\patched_images\000000338625.jpg,True,True,0.9989752769470215,0.9990032315254211,7.923842906951904,235.16943359375,123.93206787109375,280.0362548828125,8.17568302154541,235.08177185058594,123.86181640625,279.72271728515625,0.887139756891288,0.892954422929526,-2.7954578399658203e-05,-0.005814666038237992,True,False
attack_01,342397,person,D:\project CS\Faster-RCNN-COCO-Attack\source_data\attack_01\clean_images\000000342397.jpg,D:\project CS\Faster-RCNN-COCO-Attack\source_data\attack_01\patched_images\000000342397.jpg,True,True,0.9997373223304749,0.999509334564209,283.1858825683594,138.6469268798828,390.2748718261719,317.1689453125,283.0220642089844,139.37545776367188,391.3737487792969,319.945068359375,0.9330645796600859,0.9379727917834191,0.00022798776626586914,-0.004908212123333144,True,False
attack_01,349860,car,D:\project CS\Faster-RCNN-COCO-Attack\source_data\attack_01\clean_images\000000349860.jpg,D:\project CS\Faster-RCNN-COCO-Attack\source_data\attack_01\patched_images\000000349860.jpg,True,True,0.7744807600975037,0.9214791655540466,349.62139892578125,348.910888671875,386.88885498046875,378.5286865234375,349.0382080078125,348.3662109375,386.6622314453125,378.4656677246094,0.9584482589771773,0.9341729579737316,-0.14699840545654297,0.02427530100344577,True,False
attack_01,351823,person,D:\project CS\Faster-RCNN-COCO-Attack\source_data\attack_01\clean_images\000000351823.jpg,D:\project CS\Faster-RCNN-COCO-Attack\source_data\attack_01\patched_images\000000351823.jpg,True,True,0.9996479749679565,0.9997276663780212,100.254638671875,85.43709564208984,305.7467346191406,595.455322265625,101.67339324951172,87.65289306640625,309.3145751953125,597.2855834960938,0.9746595099286588,0.9886855809068018,-7.969141006469727e-05,-0.014026070978143013,True,False
attack_01,354753,car,D:\project CS\Faster-RCNN-COCO-Attack\source_data\attack_01\clean_images\000000354753.jpg,D:\project CS\Faster-RCNN-COCO-Attack\source_data\attack_01\patched_images\000000354753.jpg,False,False,,,,,,,,,,,,,,,False,False
attack_01,354829,car,D:\project CS\Faster-RCNN-COCO-Attack\source_data\attack_01\clean_images\000000354829.jpg,D:\project CS\Faster-RCNN-COCO-Attack\source_data\attack_01\patched_images\000000354829.jpg,True,True,0.9913427829742432,0.9976012110710144,82.21172332763672,79.05091857910156,379.9917297363281,234.862548828125,82.84017944335938,79.70413208007812,380.1241455078125,235.93557739257812,0.9172290065812789,0.9250237932733874,-0.00625842809677124,-0.007794786692108424,True,False
attack_01,356612,car,D:\project CS\Faster-RCNN-COCO-Attack\source_data\attack_01\clean_images\000000356612.jpg,D:\project CS\Faster-RCNN-COCO-Attack\source_data\attack_01\patched_images\000000356612.jpg,True,True,0.9857025742530823,0.9858301281929016,202.52090454101562,190.32659912109375,320.80517578125,288.4587707519531,202.6043243408203,190.51272583007812,319.9642639160156,288.91839599609375,0.9370058804921738,0.9239054139700388,-0.00012755393981933594,0.013100466522135035,True,False
attack_01,357978,person,D:\project CS\Faster-RCNN-COCO-Attack\source_data\attack_01\clean_images\000000357978.jpg,D:\project CS\Faster-RCNN-COCO-Attack\source_data\attack_01\patched_images\000000357978.jpg,True,True,0.9990929365158081,0.9993053674697876,153.9970245361328,103.09129333496094,255.56849670410156,369.7249450683594,152.51954650878906,102.11824798583984,251.4583282470703,373.335693359375,0.9509605825845633,0.9233838615842229,-0.0002124309539794922,0.027576721000340365,True,False
attack_01,361142,car,D:\project CS\Faster-RCNN-COCO-Attack\source_data\attack_01\clean_images\000000361142.jpg,D:\project CS\Faster-RCNN-COCO-Attack\source_data\attack_01\patched_images\000000361142.jpg,True,True,0.9989350438117981,0.9988815188407898,292.3695983886719,513.5484619140625,463.0,633.77734375,291.68255615234375,513.8758544921875,463.0,634.0887451171875,0.9241840965837037,0.927841443376724,5.352497100830078e-05,-0.003657346793020322,True,False
attack_01,361506,car,D:\project CS\Faster-RCNN-COCO-Attack\source_data\attack_01\clean_images\000000361506.jpg,D:\project CS\Faster-RCNN-COCO-Attack\source_data\attack_01\patched_images\000000361506.jpg,True,True,0.9842904210090637,0.9788235425949097,484.2433776855469,260.4244689941406,565.5816040039062,284.398681640625,485.82891845703125,260.6139221191406,566.9437866210938,283.9305419921875,0.7768074956632556,0.7534256748959048,0.005466878414154053,0.023381820767350736,True,False
attack_01,363188,car,D:\project CS\Faster-RCNN-COCO-Attack\source_data\attack_01\clean_images\000000363188.jpg,D:\project CS\Faster-RCNN-COCO-Attack\source_data\attack_01\patched_images\000000363188.jpg,True,True,0.895699679851532,0.9793633818626404,588.7870483398438,198.27967834472656,639.9999389648438,302.9162292480469,591.1556396484375,197.38925170898438,639.8781127929688,301.41229248046875,0.9483240345337307,0.9260603682952767,-0.0836637020111084,0.022263666238453994,True,False
attack_01,373353,car,D:\project CS\Faster-RCNN-COCO-Attack\source_data\attack_01\clean_images\000000373353.jpg,D:\project CS\Faster-RCNN-COCO-Attack\source_data\attack_01\patched_images\000000373353.jpg,False,False,,,,,,,,,,,,,,,False,False
attack_01,376284,car,D:\project CS\Faster-RCNN-COCO-Attack\source_data\attack_01\clean_images\000000376284.jpg,D:\project CS\Faster-RCNN-COCO-Attack\source_data\attack_01\patched_images\000000376284.jpg,True,True,0.9984340071678162,0.9980238676071167,71.28564453125,28.186729431152344,253.36166381835938,140.83505249023438,71.58462524414062,28.137815475463867,253.79263305664062,141.3059844970703,0.9623899572215215,0.9688305387617597,0.0004101395606994629,-0.006440581540238188,True,False
attack_01,376322,person,D:\project CS\Faster-RCNN-COCO-Attack\source_data\attack_01\clean_images\000000376322.jpg,D:\project CS\Faster-RCNN-COCO-Attack\source_data\attack_01\patched_images\000000376322.jpg,False,False,,,,,,,,,,,,,,,False,False
attack_01,378515,person,D:\project CS\Faster-RCNN-COCO-Attack\source_data\attack_01\clean_images\000000378515.jpg,D:\project CS\Faster-RCNN-COCO-Attack\source_data\attack_01\patched_images\000000378515.jpg,True,True,0.998195230960846,0.9965589642524719,242.1235809326172,233.0280303955078,393.4952087402344,422.66766357421875,242.2465362548828,233.04977416992188,393.1843566894531,423.54766845703125,0.9708385421156495,0.9636009151054489,0.0016362667083740234,0.007237627010200587,True,False
attack_01,380913,person,D:\project CS\Faster-RCNN-COCO-Attack\source_data\attack_01\clean_images\000000380913.jpg,D:\project CS\Faster-RCNN-COCO-Attack\source_data\attack_01\patched_images\000000380913.jpg,True,True,0.99843829870224,0.9985835552215576,0.0,153.19833374023438,158.307373046875,428.0000305175781,0.8158460855484009,153.83773803710938,156.56788635253906,428.0000305175781,0.9721675960938643,0.9627792088516982,-0.00014525651931762695,0.009388387242166063,True,False
attack_01,384468,car,D:\project CS\Faster-RCNN-COCO-Attack\source_data\attack_01\clean_images\000000384468.jpg,D:\project CS\Faster-RCNN-COCO-Attack\source_data\attack_01\patched_images\000000384468.jpg,True,True,0.9778190851211548,0.9808613657951355,0.3609571158885956,261.2987976074219,94.2837905883789,381.3323974609375,0.0,260.793701171875,95.34735870361328,380.98602294921875,0.8660983739082286,0.8583333311182237,-0.003042280673980713,0.007765042790004895,True,False
attack_01,388215,person,D:\project CS\Faster-RCNN-COCO-Attack\source_data\attack_01\clean_images\000000388215.jpg,D:\project CS\Faster-RCNN-COCO-Attack\source_data\attack_01\patched_images\000000388215.jpg,True,True,0.999607264995575,0.9994195699691772,242.34400939941406,85.63770294189453,421.9674377441406,413.4787292480469,245.65853881835938,90.94275665283203,419.3869934082031,416.1299743652344,0.9613124195044166,0.976448257677148,0.00018769502639770508,-0.015135838172731453,True,False
attack_01,394510,car,D:\project CS\Faster-RCNN-COCO-Attack\source_data\attack_01\clean_images\000000394510.jpg,D:\project CS\Faster-RCNN-COCO-Attack\source_data\attack_01\patched_images\000000394510.jpg,True,True,0.9923434853553772,0.995324969291687,0.018688438460230827,0.594158947467804,360.8031311035156,213.82730102539062,0.20940211415290833,0.44337159395217896,362.4031066894531,209.7598419189453,0.920474394403486,0.9424243360572638,-0.0029814839363098145,-0.021949941653777838,True,False
attack_01,397303,person,D:\project CS\Faster-RCNN-COCO-Attack\source_data\attack_01\clean_images\000000397303.jpg,D:\project CS\Faster-RCNN-COCO-Attack\source_data\attack_01\patched_images\000000397303.jpg,True,True,0.9992541670799255,0.9989727735519409,339.6329040527344,67.8387451171875,532.8594970703125,460.0762634277344,339.4729919433594,67.26300811767578,532.8958740234375,458.7522277832031,0.9668922240068268,0.968447517606373,0.00028139352798461914,-0.0015552935995462036,True,False
attack_01,397351,car,D:\project CS\Faster-RCNN-COCO-Attack\source_data\attack_01\clean_images\000000397351.jpg,D:\project CS\Faster-RCNN-COCO-Attack\source_data\attack_01\patched_images\000000397351.jpg,False,True,,0.45258858799934387,,,,,244.25152587890625,33.589080810546875,623.7108154296875,263.71929931640625,,0.8113094959491949,,,False,False
attack_01,408120,car,D:\project CS\Faster-RCNN-COCO-Attack\source_data\attack_01\clean_images\000000408120.jpg,D:\project CS\Faster-RCNN-COCO-Attack\source_data\attack_01\patched_images\000000408120.jpg,True,True,0.8607008457183838,0.9071540832519531,274.1095275878906,74.95072937011719,337.4100036621094,103.09827423095703,282.2471618652344,73.93052673339844,337.2547912597656,103.16915130615234,0.8782962119112107,0.7811013217222943,-0.046453237533569336,0.09719489018891636,True,False
attack_01,410650,person,D:\project CS\Faster-RCNN-COCO-Attack\source_data\attack_01\clean_images\000000410650.jpg,D:\project CS\Faster-RCNN-COCO-Attack\source_data\attack_01\patched_images\000000410650.jpg,False,False,,,,,,,,,,,,,,,False,False
attack_01,412362,person,D:\project CS\Faster-RCNN-COCO-Attack\source_data\attack_01\clean_images\000000412362.jpg,D:\project CS\Faster-RCNN-COCO-Attack\source_data\attack_01\patched_images\000000412362.jpg,True,True,0.9994263648986816,0.9992974996566772,230.9329376220703,107.03472137451172,466.7173767089844,497.68585205078125,228.38804626464844,108.81153106689453,467.804931640625,497.6571350097656,0.8709893400324557,0.8813663351622747,0.00012886524200439453,-0.010376995129819044,True,False
attack_01,412531,car,D:\project CS\Faster-RCNN-COCO-Attack\source_data\attack_01\clean_images\000000412531.jpg,D:\project CS\Faster-RCNN-COCO-Attack\source_data\attack_01\patched_images\000000412531.jpg,True,True,0.9907254576683044,0.9910488128662109,459.3480529785156,255.25466918945312,636.6804809570312,355.7900085449219,459.14373779296875,254.5775909423828,635.660888671875,356.8619079589844,0.9650548901276735,0.9500483926777696,-0.00032335519790649414,0.0150064974499039,True,False
attack_01,414385,car,D:\project CS\Faster-RCNN-COCO-Attack\source_data\attack_01\clean_images\000000414385.jpg,D:\project CS\Faster-RCNN-COCO-Attack\source_data\attack_01\patched_images\000000414385.jpg,True,True,0.9975492358207703,0.9987976551055908,151.05735778808594,276.7108154296875,218.28392028808594,327.2471618652344,149.89706420898438,276.4781799316406,219.0049285888672,328.8304748535156,0.9285097159827137,0.8997571650527237,-0.0012484192848205566,0.028752550929989962,True,False
attack_01,421060,person,D:\project CS\Faster-RCNN-COCO-Attack\source_data\attack_01\clean_images\000000421060.jpg,D:\project CS\Faster-RCNN-COCO-Attack\source_data\attack_01\patched_images\000000421060.jpg,False,False,,,,,,,,,,,,,,,False,False
attack_01,426372,car,D:\project CS\Faster-RCNN-COCO-Attack\source_data\attack_01\clean_images\000000426372.jpg,D:\project CS\Faster-RCNN-COCO-Attack\source_data\attack_01\patched_images\000000426372.jpg,True,True,0.6773356795310974,0.40299564599990845,82.30632781982422,98.2780532836914,294.1682434082031,242.7139434814453,80.15496063232422,98.85356140136719,282.1050109863281,247.19387817382812,0.5479923101864691,0.5736978978566605,0.27434003353118896,-0.025705587670191377,True,False
attack_01,427055,car,D:\project CS\Faster-RCNN-COCO-Attack\source_data\attack_01\clean_images\000000427055.jpg,D:\project CS\Faster-RCNN-COCO-Attack\source_data\attack_01\patched_images\000000427055.jpg,True,True,0.9428513646125793,0.8232235908508301,320.42022705078125,311.6733093261719,365.9979553222656,340.7568359375,313.330322265625,308.65679931640625,365.3745422363281,341.455078125,0.8892502836926123,0.8421495315815244,0.11962777376174927,0.047100752111087885,True,False
attack_01,428562,person,D:\project CS\Faster-RCNN-COCO-Attack\source_data\attack_01\clean_images\000000428562.jpg,D:\project CS\Faster-RCNN-COCO-Attack\source_data\attack_01\patched_images\000000428562.jpg,True,True,0.9890055060386658,0.6793842315673828,16.44622039794922,0.476614385843277,139.29598999023438,161.2676239013672,28.030677795410156,1.4455718994140625,137.4239959716797,159.03428649902344,0.8792679516800531,0.944885365340665,0.30962127447128296,-0.06561741366061191,True,False
attack_01,434459,person,D:\project CS\Faster-RCNN-COCO-Attack\source_data\attack_01\clean_images\000000434459.jpg,D:\project CS\Faster-RCNN-COCO-Attack\source_data\attack_01\patched_images\000000434459.jpg,True,True,0.9988653659820557,0.9988371729850769,358.12799072265625,45.849212646484375,603.3937377929688,455.5904541015625,366.0191955566406,49.25361251831055,603.2451171875,451.2318420410156,0.9398947775607929,0.9674207428141237,2.8192996978759766e-05,-0.027525965253330842,True,False
attack_01,436738,car,D:\project CS\Faster-RCNN-COCO-Attack\source_data\attack_01\clean_images\000000436738.jpg,D:\project CS\Faster-RCNN-COCO-Attack\source_data\attack_01\patched_images\000000436738.jpg,True,True,0.996137797832489,0.9877855777740479,260.755615234375,346.2197265625,397.1073913574219,404.968505859375,261.5165710449219,346.8724670410156,396.3661193847656,404.94500732421875,0.9229048909327855,0.9426040405888809,0.008352220058441162,-0.019699149656095427,True,False
attack_01,438017,car,D:\project CS\Faster-RCNN-COCO-Attack\source_data\attack_01\clean_images\000000438017.jpg,D:\project CS\Faster-RCNN-COCO-Attack\source_data\attack_01\patched_images\000000438017.jpg,True,True,0.9861329793930054,0.9846490025520325,72.75137329101562,406.6158447265625,122.14191436767578,494.1623840332031,72.96713256835938,407.3428649902344,122.5783462524414,493.97955322265625,0.787326918202658,0.7886006319492459,0.0014839768409729004,-0.0012737137465879123,True,False
attack_01,442463,person,D:\project CS\Faster-RCNN-COCO-Attack\source_data\attack_01\clean_images\000000442463.jpg,D:\project CS\Faster-RCNN-COCO-Attack\source_data\attack_01\patched_images\000000442463.jpg,True,True,0.9997724890708923,0.9997566342353821,202.04689025878906,249.12144470214844,382.97137451171875,464.6537170410156,202.34754943847656,245.80038452148438,384.4649963378906,465.44573974609375,0.9236232156066981,0.9345360500493469,1.5854835510253906e-05,-0.010912834442648789,True,False
attack_01,442746,car,D:\project CS\Faster-RCNN-COCO-Attack\source_data\attack_01\clean_images\000000442746.jpg,D:\project CS\Faster-RCNN-COCO-Attack\source_data\attack_01\patched_images\000000442746.jpg,True,True,0.9980890154838562,0.9983968138694763,311.7002258300781,131.42919921875,363.9406433105469,150.79335021972656,312.55120849609375,131.39488220214844,364.1676330566406,151.25021362304688,0.9615171889748485,0.9377035279965951,-0.0003077983856201172,0.023813660978253437,True,False
attack_01,456662,person,D:\project CS\Faster-RCNN-COCO-Attack\source_data\attack_01\clean_images\000000456662.jpg,D:\project CS\Faster-RCNN-COCO-Attack\source_data\attack_01\patched_images\000000456662.jpg,True,True,0.9988559484481812,0.9985999464988708,226.52133178710938,105.73834228515625,371.0727233886719,606.1575317382812,227.83604431152344,105.3364486694336,370.6816711425781,600.9290771484375,0.9412799217836347,0.9614467428540983,0.00025600194931030273,-0.020166821070463525,True,False
attack_01,457884,person,D:\project CS\Faster-RCNN-COCO-Attack\source_data\attack_01\clean_images\000000457884.jpg,D:\project CS\Faster-RCNN-COCO-Attack\source_data\attack_01\patched_images\000000457884.jpg,True,True,0.9994920492172241,0.9993543028831482,278.337158203125,117.0581283569336,405.224609375,385.32611083984375,281.14349365234375,117.6259536743164,405.3184509277344,385.2840576171875,0.9748055388009238,0.9506618542972681,0.00013774633407592773,0.02414368450365567,True,False
attack_01,460147,car,D:\project CS\Faster-RCNN-COCO-Attack\source_data\attack_01\clean_images\000000460147.jpg,D:\project CS\Faster-RCNN-COCO-Attack\source_data\attack_01\patched_images\000000460147.jpg,False,False,,,,,,,,,,,,,,,False,False
attack_01,464476,person,D:\project CS\Faster-RCNN-COCO-Attack\source_data\attack_01\clean_images\000000464476.jpg,D:\project CS\Faster-RCNN-COCO-Attack\source_data\attack_01\patched_images\000000464476.jpg,True,True,0.9986295700073242,0.9988478422164917,52.71784591674805,55.23300552368164,116.74591827392578,246.38018798828125,52.08978271484375,54.78150177001953,116.95243835449219,246.7312774658203,0.9401939401617732,0.9518798452822855,-0.00021827220916748047,-0.011685905120512374,True,False
attack_01,470952,person,D:\project CS\Faster-RCNN-COCO-Attack\source_data\attack_01\clean_images\000000470952.jpg,D:\project CS\Faster-RCNN-COCO-Attack\source_data\attack_01\patched_images\000000470952.jpg,True,True,0.9993984699249268,0.9993715882301331,98.99146270751953,35.80149841308594,314.06317138671875,591.0028686523438,98.44849395751953,35.93681335449219,314.3201904296875,576.9229125976562,0.9430207188755462,0.9242547732882573,2.6881694793701172e-05,0.018765945587288835,True,False
attack_01,474078,person,D:\project CS\Faster-RCNN-COCO-Attack\source_data\attack_01\clean_images\000000474078.jpg,D:\project CS\Faster-RCNN-COCO-Attack\source_data\attack_01\patched_images\000000474078.jpg,True,True,0.9996232986450195,0.9997294545173645,124.51414489746094,272.95855712890625,275.6497802734375,458.9133605957031,123.90245819091797,273.5834655761719,273.0710144042969,459.6340026855469,0.9493699144750773,0.9288965868967622,-0.0001061558723449707,0.020473327578315104,True,False
attack_01,475484,car,D:\project CS\Faster-RCNN-COCO-Attack\source_data\attack_01\clean_images\000000475484.jpg,D:\project CS\Faster-RCNN-COCO-Attack\source_data\attack_01\patched_images\000000475484.jpg,True,True,0.936154305934906,0.9279451370239258,139.1446990966797,335.4908447265625,270.9830322265625,388.5906066894531,138.69944763183594,330.72418212890625,272.3736877441406,388.06170654296875,0.9409985335948223,0.8527219415825434,0.008209168910980225,0.08827659201227889,True,False
attack_01,476119,car,D:\project CS\Faster-RCNN-COCO-Attack\source_data\attack_01\clean_images\000000476119.jpg,D:\project CS\Faster-RCNN-COCO-Attack\source_data\attack_01\patched_images\000000476119.jpg,True,True,0.9994497895240784,0.9993714690208435,242.77882385253906,76.65155029296875,442.8441467285156,196.10862731933594,243.1151580810547,76.26329040527344,442.8218078613281,196.14227294921875,0.9703753893042003,0.9658602539476768,7.832050323486328e-05,0.004515135356523481,True,False
attack_01,492284,person,D:\project CS\Faster-RCNN-COCO-Attack\source_data\attack_01\clean_images\000000492284.jpg,D:\project CS\Faster-RCNN-COCO-Attack\source_data\attack_01\patched_images\000000492284.jpg,True,True,0.9983672499656677,0.9994131326675415,351.7679748535156,12.054089546203613,543.4547119140625,480.0000305175781,349.73260498046875,11.168975830078125,574.87744140625,478.0277404785156,0.730745773303082,0.8496737676972442,-0.0010458827018737793,-0.11892799439416224,True,False
attack_01,495732,person,D:\project CS\Faster-RCNN-COCO-Attack\source_data\attack_01\clean_images\000000495732.jpg,D:\project CS\Faster-RCNN-COCO-Attack\source_data\attack_01\patched_images\000000495732.jpg,True,True,0.9995087385177612,0.999345600605011,190.98069763183594,133.7798309326172,427.0,558.6568603515625,191.48394775390625,129.49868774414062,424.80279541015625,562.9559326171875,0.9545861397318391,0.9583364468313794,0.00016313791275024414,-0.003750307099540273,True,False
attack_01,498032,person,D:\project CS\Faster-RCNN-COCO-Attack\source_data\attack_01\clean_images\000000498032.jpg,D:\project CS\Faster-RCNN-COCO-Attack\source_data\attack_01\patched_images\000000498032.jpg,True,True,0.9989225268363953,0.9987220168113708,135.9575653076172,128.49900817871094,470.4930419921875,460.0848388671875,134.7039794921875,117.88143920898438,471.2505798339844,462.3794860839844,0.877023914257145,0.8923449401275643,0.00020051002502441406,-0.01532102587041928,True,False
attack_01,499181,car,D:\project CS\Faster-RCNN-COCO-Attack\source_data\attack_01\clean_images\000000499181.jpg,D:\project CS\Faster-RCNN-COCO-Attack\source_data\attack_01\patched_images\000000499181.jpg,True,True,0.9994750618934631,0.9995388984680176,19.234268188476562,391.9455871582031,192.3104248046875,476.2000427246094,19.124492645263672,392.1827697753906,192.6426239013672,476.2962951660156,0.9270269081283801,0.9267183442224308,-6.383657455444336e-05,0.000308563905949244,True,False
attack_01,500613,car,D:\project CS\Faster-RCNN-COCO-Attack\source_data\attack_01\clean_images\000000500613.jpg,D:\project CS\Faster-RCNN-COCO-Attack\source_data\attack_01\patched_images\000000500613.jpg,True,True,0.8505240082740784,0.8173387050628662,576.5789794921875,203.87347412109375,639.6641235351562,284.7374267578125,577.2719116210938,204.18930053710938,639.853271484375,283.9608459472656,0.7252026972006161,0.7216669147141621,0.03318530321121216,0.003535782486454031,True,False
attack_01,504415,car,D:\project CS\Faster-RCNN-COCO-Attack\source_data\attack_01\clean_images\000000504415.jpg,D:\project CS\Faster-RCNN-COCO-Attack\source_data\attack_01\patched_images\000000504415.jpg,True,True,0.9961020946502686,0.9954109787940979,79.04237365722656,178.46067810058594,284.9158630371094,240.2536163330078,79.48556518554688,177.9134521484375,287.7441711425781,240.29847717285156,0.9562187999199294,0.9466309646553942,0.0006911158561706543,0.009587835264535216,True,False
attack_01,505942,car,D:\project CS\Faster-RCNN-COCO-Attack\source_data\attack_01\clean_images\000000505942.jpg,D:\project CS\Faster-RCNN-COCO-Attack\source_data\attack_01\patched_images\000000505942.jpg,True,True,0.9077816605567932,0.9395841360092163,458.05609130859375,162.91400146484375,499.8175354003906,205.91082763671875,458.42535400390625,162.90150451660156,499.8875732421875,206.4070281982422,0.9533147793490276,0.9522006780953641,-0.031802475452423096,0.001114101253663513,True,False
attack_01,511999,car,D:\project CS\Faster-RCNN-COCO-Attack\source_data\attack_01\clean_images\000000511999.jpg,D:\project CS\Faster-RCNN-COCO-Attack\source_data\attack_01\patched_images\000000511999.jpg,True,True,0.9980764389038086,0.9988011121749878,523.1978149414062,213.36375427246094,605.180908203125,274.0543212890625,523.43603515625,212.6190948486328,604.9998779296875,274.3133850097656,0.9508945015519414,0.9670177454389443,-0.0007246732711791992,-0.016123243887002814,True,False
attack_01,513580,person,D:\project CS\Faster-RCNN-COCO-Attack\source_data\attack_01\clean_images\000000513580.jpg,D:\project CS\Faster-RCNN-COCO-Attack\source_data\attack_01\patched_images\000000513580.jpg,True,True,0.9974328875541687,0.9958053827285767,148.1591796875,283.22723388671875,213.59619140625,371.7328186035156,148.10806274414062,285.2115173339844,213.951171875,373.07550048828125,0.8975583519836345,0.9143119664814255,0.001627504825592041,-0.016753614497791003,True,False
attack_01,515025,car,D:\project CS\Faster-RCNN-COCO-Attack\source_data\attack_01\clean_images\000000515025.jpg,D:\project CS\Faster-RCNN-COCO-Attack\source_data\attack_01\patched_images\000000515025.jpg,True,True,0.9415636658668518,0.8306665420532227,423.93603515625,116.61872100830078,516.0270385742188,157.28416442871094,424.7242736816406,115.35445404052734,508.7735900878906,157.74490356445312,0.7740013368124932,0.7363786714323562,0.11089712381362915,0.03762266538013692,True,False
attack_01,516038,person,D:\project CS\Faster-RCNN-COCO-Attack\source_data\attack_01\clean_images\000000516038.jpg,D:\project CS\Faster-RCNN-COCO-Attack\source_data\attack_01\patched_images\000000516038.jpg,True,True,0.9997453093528748,0.9997614026069641,53.83241653442383,224.12557983398438,212.49090576171875,434.37933349609375,53.47549819946289,223.94546508789062,212.75323486328125,434.2474060058594,0.9428494924873045,0.9378300442893425,-1.609325408935547e-05,0.005019448197962073,True,False
attack_01,521259,person,D:\project CS\Faster-RCNN-COCO-Attack\source_data\attack_01\clean_images\000000521259.jpg,D:\project CS\Faster-RCNN-COCO-Attack\source_data\attack_01\patched_images\000000521259.jpg,True,True,0.9997939467430115,0.9997232556343079,39.2702751159668,25.421951293945312,266.4088134765625,453.9090576171875,40.38447189331055,25.29995346069336,266.2644958496094,453.2437744140625,0.9281344710586596,0.930297639293777,7.069110870361328e-05,-0.0021631682351173076,True,False
attack_01,526392,car,D:\project CS\Faster-RCNN-COCO-Attack\source_data\attack_01\clean_images\000000526392.jpg,D:\project CS\Faster-RCNN-COCO-Attack\source_data\attack_01\patched_images\000000526392.jpg,True,True,0.9734078645706177,0.9565340876579285,143.924072265625,179.78065490722656,448.0830993652344,333.0,138.52926635742188,182.77639770507812,445.3515319824219,332.76617431640625,0.9230589224278976,0.8873372607111524,0.01687377691268921,0.03572166171674518,True,False
attack_01,529148,person,D:\project CS\Faster-RCNN-COCO-Attack\source_data\attack_01\clean_images\000000529148.jpg,D:\project CS\Faster-RCNN-COCO-Attack\source_data\attack_01\patched_images\000000529148.jpg,True,True,0.2759595215320587,0.6108936071395874,396.4640197753906,57.637474060058594,622.5217895507812,357.0804443359375,510.9850769042969,76.15449523925781,638.3740234375,354.8099365234375,0.648605596997637,0.6462745048224833,-0.3349340856075287,0.002331092175153704,True,False
attack_01,530099,car,D:\project CS\Faster-RCNN-COCO-Attack\source_data\attack_01\clean_images\000000530099.jpg,D:\project CS\Faster-RCNN-COCO-Attack\source_data\attack_01\patched_images\000000530099.jpg,True,True,0.9300735592842102,0.9729101061820984,93.99951171875,232.233154296875,500.0,374.6180725097656,66.91024780273438,233.23458862304688,500.0,374.42584228515625,0.8980120502694422,0.8489595702699883,-0.042836546897888184,0.049052479999453946,True,False
attack_01,530820,person,D:\project CS\Faster-RCNN-COCO-Attack\source_data\attack_01\clean_images\000000530820.jpg,D:\project CS\Faster-RCNN-COCO-Attack\source_data\attack_01\patched_images\000000530820.jpg,True,True,0.999263346195221,0.9990817308425903,228.65321350097656,11.539399147033691,455.8017578125,428.0000305175781,228.12008666992188,13.827141761779785,458.39324951171875,427.50787353515625,0.8559357514774365,0.8461383005123314,0.00018161535263061523,0.009797450965105092,True,False
attack_01,533816,person,D:\project CS\Faster-RCNN-COCO-Attack\source_data\attack_01\clean_images\000000533816.jpg,D:\project CS\Faster-RCNN-COCO-Attack\source_data\attack_01\patched_images\000000533816.jpg,True,True,0.9975830316543579,0.995996356010437,262.8923034667969,122.07377624511719,373.0035095214844,405.3579406738281,261.86077880859375,123.27851867675781,372.72222900390625,401.4623107910156,0.9572911642890909,0.9322033619045718,0.0015866756439208984,0.02508780238451913,True,False
attack_01,534394,car,D:\project CS\Faster-RCNN-COCO-Attack\source_data\attack_01\clean_images\000000534394.jpg,D:\project CS\Faster-RCNN-COCO-Attack\source_data\attack_01\patched_images\000000534394.jpg,True,True,0.7936742305755615,0.8370186686515808,0.5852781534194946,228.5877227783203,82.69711303710938,348.1405334472656,0.19213299453258514,227.3286590576172,85.10974884033203,349.7830505371094,0.8394854256641336,0.8589233023917479,-0.04334443807601929,-0.01943787672761421,True,False
attack_01,535608,person,D:\project CS\Faster-RCNN-COCO-Attack\source_data\attack_01\clean_images\000000535608.jpg,D:\project CS\Faster-RCNN-COCO-Attack\source_data\attack_01\patched_images\000000535608.jpg,True,True,0.9821373820304871,0.9806724190711975,451.8537292480469,178.5768280029297,498.62469482421875,207.93606567382812,451.9525146484375,178.42787170410156,498.43536376953125,207.4852752685547,0.8543558915918643,0.877221118737294,0.0014649629592895508,-0.022865227145429712,True,False
attack_01,549055,person,D:\project CS\Faster-RCNN-COCO-Attack\source_data\attack_01\clean_images\000000549055.jpg,D:\project CS\Faster-RCNN-COCO-Attack\source_data\attack_01\patched_images\000000549055.jpg,True,True,0.9996559619903564,0.9994139671325684,314.9084167480469,123.31134796142578,470.94696044921875,293.85968017578125,309.541259765625,119.58808898925781,470.41302490234375,290.6706237792969,0.9555407199320574,0.9425302981564931,0.00024199485778808594,0.013010421775564218,True,False
attack_01,549930,person,D:\project CS\Faster-RCNN-COCO-Attack\source_data\attack_01\clean_images\000000549930.jpg,D:\project CS\Faster-RCNN-COCO-Attack\source_data\attack_01\patched_images\000000549930.jpg,True,True,0.9995083808898926,0.9991769194602966,78.24397277832031,157.08953857421875,298.3941345214844,551.2056884765625,78.95360565185547,155.86537170410156,297.9724426269531,555.802734375,0.9490198891649241,0.9618751513142835,0.00033146142959594727,-0.012855262149359392,True,False
attack_01,553669,car,D:\project CS\Faster-RCNN-COCO-Attack\source_data\attack_01\clean_images\000000553669.jpg,D:\project CS\Faster-RCNN-COCO-Attack\source_data\attack_01\patched_images\000000553669.jpg,True,True,0.8385955691337585,0.5221625566482544,262.8072509765625,104.60318756103516,401.0924072265625,145.9152069091797,272.2875671386719,104.4782485961914,394.2259826660156,146.94573974609375,0.7696974583959642,0.6728638806058816,0.31643301248550415,0.0968335777900825,True,False
attack_01,555050,car,D:\project CS\Faster-RCNN-COCO-Attack\source_data\attack_01\clean_images\000000555050.jpg,D:\project CS\Faster-RCNN-COCO-Attack\source_data\attack_01\patched_images\000000555050.jpg,True,True,0.9994307160377502,0.9993696808815002,2.3176651000976562,177.9023895263672,236.8602294921875,269.30859375,2.993523597717285,177.79530334472656,237.55889892578125,269.1783142089844,0.9780864049496476,0.9748544486872647,6.103515625e-05,0.003231956262382929,True,False
attack_01,555597,car,D:\project CS\Faster-RCNN-COCO-Attack\source_data\attack_01\clean_images\000000555597.jpg,D:\project CS\Faster-RCNN-COCO-Attack\source_data\attack_01\patched_images\000000555597.jpg,True,True,0.988088071346283,0.9888827204704285,61.635555267333984,424.3395690917969,444.8664855957031,510.01544189453125,60.09051513671875,423.5335998535156,442.7286682128906,509.95928955078125,0.6631221524387597,0.6652603146271769,-0.0007946491241455078,-0.0021381621884172253,True,False
attack_01,560474,person,D:\project CS\Faster-RCNN-COCO-Attack\source_data\attack_01\clean_images\000000560474.jpg,D:\project CS\Faster-RCNN-COCO-Attack\source_data\attack_01\patched_images\000000560474.jpg,True,True,0.9546692371368408,0.8471656441688538,255.37425231933594,268.83544921875,361.33892822265625,457.438720703125,257.6369934082031,263.7884216308594,345.5846252441406,426.1634826660156,0.5449190147664185,0.7296227570753625,0.10750359296798706,-0.18470374230894404,True,False
attack_01,561679,car,D:\project CS\Faster-RCNN-COCO-Attack\source_data\attack_01\clean_images\000000561679.jpg,D:\project CS\Faster-RCNN-COCO-Attack\source_data\attack_01\patched_images\000000561679.jpg,True,True,0.9534304141998291,0.9283083081245422,245.419677734375,322.8412780761719,291.642578125,351.40704345703125,245.07809448242188,323.0589294433594,292.5316467285156,351.57305908203125,0.9011722893135192,0.9124236399702169,0.025122106075286865,-0.01125135065669769,True,False
attack_01,563653,car,D:\project CS\Faster-RCNN-COCO-Attack\source_data\attack_01\clean_images\000000563653.jpg,D:\project CS\Faster-RCNN-COCO-Attack\source_data\attack_01\patched_images\000000563653.jpg,True,True,0.9922163486480713,0.9908294677734375,517.83349609375,252.8434600830078,618.7059936523438,296.85357666015625,517.9021606445312,253.03976440429688,615.1339721679688,296.615478515625,0.9499670925510435,0.9225187082929563,0.001386880874633789,0.027448384258087155,True,False
attack_01,565563,car,D:\project CS\Faster-RCNN-COCO-Attack\source_data\attack_01\clean_images\000000565563.jpg,D:\project CS\Faster-RCNN-COCO-Attack\source_data\attack_01\patched_images\000000565563.jpg,True,True,0.9886959791183472,0.9882017970085144,79.73703002929688,223.19598388671875,265.616455078125,331.948974609375,82.03965759277344,222.01292419433594,268.38800048828125,330.92431640625,0.6260573565856004,0.6134901948839708,0.0004941821098327637,0.012567161701629526,True,False
attack_01,565853,person,D:\project CS\Faster-RCNN-COCO-Attack\source_data\attack_01\clean_images\000000565853.jpg,D:\project CS\Faster-RCNN-COCO-Attack\source_data\attack_01\patched_images\000000565853.jpg,True,True,0.9991569519042969,0.9975904226303101,155.609130859375,108.38037109375,274.85748291015625,339.526123046875,156.74864196777344,109.01860809326172,274.9425964355469,331.26446533203125,0.9484057018064779,0.9212949153675707,0.0015665292739868164,0.027110786438907186,True,False
attack_01,566758,car,D:\project CS\Faster-RCNN-COCO-Attack\source_data\attack_01\clean_images\000000566758.jpg,D:\project CS\Faster-RCNN-COCO-Attack\source_data\attack_01\patched_images\000000566758.jpg,True,True,0.913189172744751,0.6656023859977722,527.5750732421875,176.58677673339844,637.4129638671875,227.8273468017578,534.3910522460938,176.52279663085938,636.845458984375,220.8655242919922,0.8360170526024095,0.7993506596252336,0.24758678674697876,0.036666392977176,True,False
attack_01,569030,car,D:\project CS\Faster-RCNN-COCO-Attack\source_data\attack_01\clean_images\000000569030.jpg,D:\project CS\Faster-RCNN-COCO-Attack\source_data\attack_01\patched_images\000000569030.jpg,True,True,0.9656612873077393,0.9197567105293274,426.25555419921875,116.96649169921875,476.3470153808594,154.40927124023438,428.0146484375,113.2091064453125,484.92919921875,154.76600646972656,0.9399341895519264,0.7609623166471897,0.045904576778411865,0.1789718729047367,True,False
attack_01,575243,car,D:\project CS\Faster-RCNN-COCO-Attack\source_data\attack_01\clean_images\000000575243.jpg,D:\project CS\Faster-RCNN-COCO-Attack\source_data\attack_01\patched_images\000000575243.jpg,True,True,0.9893584251403809,0.9950650334358215,522.5450439453125,129.1732635498047,638.5193481445312,362.77899169921875,522.505859375,129.59214782714844,639.6439819335938,360.80218505859375,0.9678507430291649,0.9715543127080095,-0.005706608295440674,-0.003703569678844665,True,False
attack_01,577932,car,D:\project CS\Faster-RCNN-COCO-Attack\source_data\attack_01\clean_images\000000577932.jpg,D:\project CS\Faster-RCNN-COCO-Attack\source_data\attack_01\patched_images\000000577932.jpg,True,True,0.9795153737068176,0.9821516275405884,501.1446533203125,260.7978515625,639.205322265625,539.0670776367188,499.6898498535156,256.91741943359375,639.93408203125,539.1403198242188,0.8938544947535513,0.9202498550488933,-0.002636253833770752,-0.026395360295342063,True,False
attack_01,577976,car,D:\project CS\Faster-RCNN-COCO-Attack\source_data\attack_01\clean_images\000000577976.jpg,D:\project CS\Faster-RCNN-COCO-Attack\source_data\attack_01\patched_images\000000577976.jpg,True,True,0.945383608341217,0.8931377530097961,0.4323820173740387,274.8569030761719,103.15072631835938,309.071044921875,0.9093339443206787,275.2242431640625,103.16436767578125,308.87249755859375,0.9099802425915653,0.9211805217048387,0.0522458553314209,-0.01120027911327337,True,False
attack_01,578545,person,D:\project CS\Faster-RCNN-COCO-Attack\source_data\attack_01\clean_images\000000578545.jpg,D:\project CS\Faster-RCNN-COCO-Attack\source_data\attack_01\patched_images\000000578545.jpg,True,True,0.9992079138755798,0.9991779923439026,183.20193481445312,85.34833526611328,439.95025634765625,364.65496826171875,179.88494873046875,79.4474868774414,443.77984619140625,365.74700927734375,0.8075295807248506,0.7758349484259542,2.9921531677246094e-05,0.03169463229889635,True,False
attack_01,578871,person,D:\project CS\Faster-RCNN-COCO-Attack\source_data\attack_01\clean_images\000000578871.jpg,D:\project CS\Faster-RCNN-COCO-Attack\source_data\attack_01\patched_images\000000578871.jpg,True,True,0.998348593711853,0.9982660412788391,74.22150421142578,2.864250421524048,297.6798095703125,289.7860107421875,74.66154479980469,2.9617326259613037,298.74078369140625,291.1264953613281,0.9377087727079361,0.9353777567448809,8.255243301391602e-05,0.002331015963055183,True,False
