image_name,attack_id,target_class,gt_x1,gt_y1,gt_x2,gt_y2,clean_valid,patched_valid,clean_confidence,patched_confidence,confidence_drop,clean_iou,patched_iou,iou_drop,attack_success,clean_prediction_count,patched_prediction_count,clean_target_class,patched_target_class,inference_time_clean_ms,inference_time_patched_ms,both_valid,eligible,status
000000001532.jpg,attack_03,car,225.05,361.7,420.44,480.0,True,True,0.5955309271812439,0.6251342296600342,-0.029603302478790283,0.9061999239273519,0.9031872347033695,0.0030126892239824565,False,11,11,car,car,632.233799995447,636.9765999988886,True,True,ok
000000009400.jpg,attack_03,person,447.9,89.27,640.0,365.39,True,True,0.611388087272644,0.25773635506629944,0.3536517322063446,0.83839352759694,0.8828092460575753,-0.0444157184606353,False,32,37,person,person,640.0112999981502,631.53500000044,True,True,ok
000000009769.jpg,attack_03,person,139.51,200.68,183.29,274.57,True,True,0.7884196043014526,0.8577095866203308,-0.06928998231887817,0.9318314586829314,0.9246689649459123,0.007162493737019049,False,6,3,person,person,633.7787000011303,636.4996999982395,True,True,ok
000000009891.jpg,attack_03,car,284.76,79.89,640.0,299.94,True,True,0.6651149392127991,0.7450242638587952,-0.0799093246459961,0.7198816624933208,0.7405651107951368,-0.02068344830181601,False,19,20,car,car,636.8623000016669,634.8473999969428,True,True,ok
000000013659.jpg,attack_03,person,152.06,217.16,379.74,479.02,True,True,0.8459843993186951,0.8466289639472961,-0.0006445646286010742,0.9750757731659727,0.970448345536697,0.004627427629275704,False,34,35,person,person,633.4577000015997,634.7688000023481,True,True,ok
000000014226.jpg,attack_03,person,208.65,30.81,541.62,370.27,True,True,0.8134071230888367,0.8170658946037292,-0.003658771514892578,0.9470838876888209,0.9283983630653956,0.01868552462342532,False,6,6,person,person,633.8949999990291,634.0449000053923,True,True,ok
000000017178.jpg,attack_03,car,433.73,108.19,640.0,427.0,True,True,0.5179774761199951,0.4145975708961487,0.10337990522384644,0.9395174751377404,0.9373923296214031,0.0021251455163373567,False,9,6,car,car,703.0642999961856,702.8845999957412,True,True,ok
000000023126.jpg,attack_03,person,166.6,14.73,278.89,348.84000000000003,True,True,0.8281987309455872,0.8426515460014343,-0.014452815055847168,0.9106134582548684,0.9319591517762992,-0.021345693521430786,False,3,3,person,person,711.9463999988511,703.4066999985953,True,True,ok
000000027696.jpg,attack_03,person,1.84,0.92,341.82,70.94,True,True,0.3802732229232788,0.2975826561450958,0.08269056677818298,0.6767577699358155,0.6339088598664879,0.04284891006932756,False,5,5,person,person,730.0854999994044,725.1280999989831,True,True,ok
000000027768.jpg,attack_03,car,573.62,373.75,611.82,455.08,True,True,0.42396149039268494,0.5227261185646057,-0.09876462817192078,0.8426469537414618,0.6676779570230056,0.17496899671845623,False,11,11,car,car,474.6909000023152,473.85969999595545,True,True,ok
000000029984.jpg,attack_03,person,218.91,208.42,264.8,253.58999999999997,True,True,0.8607665300369263,0.8633092641830444,-0.002542734146118164,0.8084194710835256,0.8200423856925794,-0.011622914609053736,False,8,9,person,person,622.7997999958461,619.5929999958025,True,True,ok
000000032570.jpg,attack_03,person,169.33,162.21,310.11,292.93,True,True,0.8969363570213318,0.9045064449310303,-0.007570087909698486,0.9658120940605621,0.935374074149146,0.030438019911416148,False,14,9,person,person,703.5713999939617,710.2670999956899,True,True,ok
000000032887.jpg,attack_03,person,373.29,119.19,499.13,464.53,True,True,0.9058054089546204,0.9140628576278687,-0.008257448673248291,0.9179231992030301,0.9283234847608084,-0.010400285557778277,False,5,6,person,person,636.2515000000712,644.568600000639,True,True,ok
000000033854.jpg,attack_03,car,0.96,217.83,269.28,420.75,True,True,0.5587624907493591,0.5441091060638428,0.014653384685516357,0.9525605530965204,0.9512920748084681,0.0012684782880523215,False,30,32,car,car,705.8286000028602,707.577900000615,True,True,ok
000000034139.jpg,attack_03,person,451.32,98.49,595.95,381.51,True,True,0.8363966941833496,0.8442333340644836,-0.007836639881134033,0.5936864151817126,0.5958347340935698,-0.0021483189118571833,False,4,4,person,person,633.5509000055026,633.832399995299,True,True,ok
000000039484.jpg,attack_03,car,36.82,365.51,266.1,437.0,True,True,0.835917592048645,0.8444604277610779,-0.008542835712432861,0.9558430231303673,0.9500977195653614,0.00574530356500591,False,43,43,car,car,691.1346999986563,701.6090999968583,True,True,ok
000000040083.jpg,attack_03,car,134.63,136.24,253.51,209.29000000000002,True,True,0.820628821849823,0.8209647536277771,-0.00033593177795410156,0.9484891683197539,0.9517404155653317,-0.003251247245577793,False,14,14,car,car,713.0206000001635,710.6404999940423,True,True,ok
000000041633.jpg,attack_03,car,561.27,326.88,627.7,371.01,True,True,0.6674270033836365,0.7588732838630676,-0.09144628047943115,0.7757322803650191,0.8503055467452572,-0.07457326638023809,False,5,5,car,car,702.9222999990452,703.679899997951,True,True,ok
000000043737.jpg,attack_03,car,111.23,416.09,192.35000000000002,454.09,True,True,0.6740649342536926,0.6600205898284912,0.014044344425201416,0.8267154743494777,0.838654030031882,-0.011938555682404317,False,16,18,car,car,632.2301999971387,636.1423999987892,True,True,ok
000000046872.jpg,attack_03,car,604.16,147.29,639.79,170.82,True,True,0.7139655351638794,0.30450519919395447,0.4094603359699249,0.5053604881084293,0.8753085935452987,-0.3699481054368694,False,8,6,car,car,774.1077000027872,776.5566000016406,True,True,ok
000000049259.jpg,attack_03,person,165.3,56.78,285.70000000000005,135.68,True,True,0.7988093495368958,0.841177225112915,-0.04236787557601929,0.9210749471839349,0.9396054223180962,-0.018530475134161284,False,2,2,person,person,704.652399996121,702.293100002862,True,True,ok
000000049759.jpg,attack_03,person,471.5,158.03,589.6800000000001,457.0,True,True,0.8242815136909485,0.8274257183074951,-0.003144204616546631,0.8915198853885565,0.9050391472395113,-0.013519261850954756,False,26,23,person,person,658.7514000057126,669.6668000004138,True,True,ok
000000050679.jpg,attack_03,car,475.72,168.22,563.6,223.62,True,True,0.44948962330818176,0.4163837134838104,0.03310590982437134,0.9013359504219473,0.8858178211601071,0.015518129261840152,False,16,17,car,car,705.2948999989894,703.2804000045871,True,True,ok
000000054593.jpg,attack_03,car,110.86,75.03,310.13,183.03,True,True,0.6087635159492493,0.590817928314209,0.017945587635040283,0.9101630698888242,0.9627569839675054,-0.05259391407868119,False,20,20,car,car,707.4694999973872,702.6435000007041,True,True,ok
000000054967.jpg,attack_03,car,0.0,421.0,192.0,473.0,False,False,,,,,,,False,33,35,,,722.8046000018367,717.8644000014174,False,False,ok
000000055150.jpg,attack_03,car,435.57,0.8,640.0,393.29,True,True,0.2996063530445099,0.3207361102104187,-0.021129757165908813,0.8931853312467718,0.8945084179692462,-0.001323086722474387,False,25,26,car,car,718.8566999975592,722.6889000012306,True,True,ok
000000057672.jpg,attack_03,person,417.03,191.5,484.16999999999996,289.63,False,False,,,,,,,False,30,27,,,647.1610000007786,642.7770000009332,False,False,ok
000000059598.jpg,attack_03,person,587.74,46.78,639.86,232.71,True,True,0.39452460408210754,0.47620001435279846,-0.08167541027069092,0.9515754779842517,0.9496314621884939,0.0019440157957577586,False,18,17,person,person,643.411199998809,637.2029999984079,True,True,ok
000000060823.jpg,attack_03,person,168.97,38.31,269.06,220.2,True,True,0.7999957799911499,0.7578384876251221,0.04215729236602783,0.8850751169403243,0.8769006037966104,0.008174513143713869,False,37,43,person,person,641.4153000005172,636.0980000026757,True,True,ok
000000062353.jpg,attack_03,person,15.86,229.13,54.519999999999996,304.77,False,False,,,,,,,False,20,18,,,640.7335999974748,634.7540999995545,False,False,ok
000000064084.jpg,attack_03,person,491.91,0.07,639.4300000000001,58.29,True,True,0.37144461274147034,0.39930814504623413,-0.027863532304763794,0.8203097471417207,0.8230654012751818,-0.0027556541334611273,False,14,14,person,person,699.301499997091,696.4158999981009,True,True,ok
000000065455.jpg,attack_03,person,313.0,73.0,499.0,373.0,False,False,,,,,,,False,26,29,,,642.309100003331,634.0394999933778,False,False,ok
000000067406.jpg,attack_03,person,173.24,252.43,198.25,315.47,True,True,0.911299467086792,0.9230703711509705,-0.011770904064178467,0.9837576521558464,0.975520362927376,0.008237289228470446,False,5,4,person,person,640.0821999995969,633.2934999954887,True,True,ok
000000068093.jpg,attack_03,car,332.19,75.61,640.0,185.61,False,False,,,,,,,False,11,11,,,636.7114999957266,633.8182000035886,False,False,ok
000000068409.jpg,attack_03,person,474.25,18.27,637.97,259.79,True,True,0.5902093648910522,0.6605674624443054,-0.07035809755325317,0.8443548312391537,0.865763842982773,-0.02140901174361931,False,19,22,person,person,549.8931000038283,551.7319999999017,True,True,ok
000000070739.jpg,attack_03,person,0.97,0.35,567.01,473.93,False,True,,0.3136865794658661,,,0.8763051039084226,,False,7,9,,person,647.2565000003669,638.4936999966158,False,False,ok
000000071938.jpg,attack_03,person,0.0,0.0,593.51,480.0,True,True,0.4198814034461975,0.40008601546287537,0.019795387983322144,0.9600568654637913,0.9648166449299627,-0.004759779466171343,False,5,6,person,person,644.4964000038453,634.3567000003532,True,True,ok
000000072281.jpg,attack_03,person,94.71,15.21,354.44,501.66999999999996,True,True,0.9152789115905762,0.9158201813697815,-0.0005412697792053223,0.9758339831460224,0.9732728237044781,0.002561159441544336,False,2,2,person,person,710.763399998541,702.5445000035688,True,True,ok
000000076417.jpg,attack_03,car,190.17,153.23,640.0,469.84000000000003,True,True,0.4969877302646637,0.26677727699279785,0.23021045327186584,0.967498633806669,0.7820161444411835,0.1854824893654855,False,5,4,car,car,638.2446999996318,632.449099997757,True,True,ok
000000085376.jpg,attack_03,car,38.16,320.95,193.22,375.58,True,True,0.7531008124351501,0.7641400098800659,-0.011039197444915771,0.8797349094779612,0.8700331178125158,0.00970179166544538,False,12,11,car,car,631.6687000071397,635.5581000025268,True,True,ok
000000086220.jpg,attack_03,car,134.24,209.08,445.45,335.6,True,True,0.8318055272102356,0.8430783748626709,-0.011272847652435303,0.9768748708109443,0.9736611749380174,0.0032136958729268583,False,9,8,car,car,709.964100002253,706.2294999996084,True,True,ok
000000093154.jpg,attack_03,car,143.08,273.81,210.65,309.13,True,True,0.8364616632461548,0.8401131629943848,-0.0036514997482299805,0.9454294429398586,0.9637927411188407,-0.01836329817898208,False,27,26,car,car,710.6382999991183,706.9449999980861,True,True,ok
000000094751.jpg,attack_03,car,313.05,274.0,375.0,310.08,True,True,0.7347911596298218,0.7821701765060425,-0.0473790168762207,0.9653687861586697,0.9545460063709755,0.010822779787694192,False,20,20,car,car,642.2488999960478,637.9477000009501,True,True,ok
000000097679.jpg,attack_03,car,103.45,159.23,521.25,375.71,True,True,0.7993214130401611,0.7786087393760681,0.020712673664093018,0.8660387078401893,0.8639773091734098,0.002061398666779568,False,10,7,car,car,638.4136999986367,638.7309999990975,True,True,ok
000000098392.jpg,attack_03,car,244.19,516.38,480.0,640.0,True,True,0.8213770389556885,0.8310566544532776,-0.009679615497589111,0.8784408547807946,0.9064293073526456,-0.027988452571851008,False,17,15,car,car,633.2117000056314,639.5028000042657,True,True,ok
000000102411.jpg,attack_03,car,1.11,198.53,38.82,293.90999999999997,False,True,,0.4360770285129547,,,0.8563001800212285,,False,16,17,,car,707.2417000017595,708.0639000050724,False,False,ok
000000102805.jpg,attack_03,car,378.73,266.86,606.1700000000001,338.41,True,True,0.8862437605857849,0.8835560083389282,0.0026877522468566895,0.9239049524157114,0.9378291071513329,-0.013924154735621586,False,17,16,car,car,712.496200001624,703.0854999975418,True,True,ok
000000105264.jpg,attack_03,person,396.74,110.18,494.73,324.1,True,True,0.7942952513694763,0.9002672433853149,-0.10597199201583862,0.9606874398177936,0.9360889930936077,0.024598446724185874,False,12,13,person,person,712.8679000015836,698.663299997861,True,True,ok
000000107226.jpg,attack_03,person,346.09,76.86,480.0,365.19,True,True,0.6482774019241333,0.6706251502037048,-0.022347748279571533,0.8654623163438667,0.9009972030859779,-0.03553488674211114,False,28,26,person,person,629.2035000005853,623.8621000011335,True,True,ok
000000109900.jpg,attack_03,person,62.7,176.88,126.81,376.51,True,True,0.8871299028396606,0.8895733952522278,-0.0024434924125671387,0.9564706980604931,0.9493455616527805,0.007125136407712618,False,19,15,person,person,630.7005999988178,631.9704999987152,True,True,ok
000000111036.jpg,attack_03,car,251.48,3.01,424.65999999999997,141.54999999999998,True,True,0.650406539440155,0.6808340549468994,-0.030427515506744385,0.9467975564247707,0.9855391057181763,-0.038741549293405564,False,3,3,car,car,704.7677000009571,713.1880999950226,True,True,ok
000000113720.jpg,attack_03,person,365.42,18.99,591.4,319.02,True,True,0.7827627658843994,0.8327639698982239,-0.05000120401382446,0.9187374456644299,0.9018970704696307,0.016840375194799195,False,27,26,person,person,703.4745999990264,709.5785999990767,True,True,ok
000000119365.jpg,attack_03,person,5.73,306.54,425.23,634.28,True,True,0.3164121210575104,0.6725980639457703,-0.3561859428882599,0.9238215385680253,0.9220318541938242,0.0017896843742011281,False,12,8,person,person,632.1535999959451,630.935799999861,True,True,ok
000000121242.jpg,attack_03,car,483.79,191.29,576.57,264.78999999999996,False,False,,,,,,,False,32,34,,,711.3218000013148,711.2932000018191,False,False,ok
000000121497.jpg,attack_03,person,0.0,0.0,254.56,480.0,True,True,0.6965541243553162,0.5429416298866272,0.15361249446868896,0.9835374737187255,0.9482894933603456,0.03524798035837984,False,11,9,person,person,638.468199998897,630.7592999946792,True,True,ok
000000121506.jpg,attack_03,car,407.68,259.56,528.02,302.18,True,True,0.5127533674240112,0.5816717147827148,-0.06891834735870361,0.8467499003339047,0.8435230212648179,0.0032268790690868077,False,16,17,car,car,473.27059999952326,474.57130000111647,True,True,ok
000000122166.jpg,attack_03,car,158.18,264.32,323.15999999999997,417.38,True,True,0.786372721195221,0.8032131791114807,-0.016840457916259766,0.941212041878977,0.9420222563359351,-0.0008102144569580583,False,41,42,car,car,633.9433000030112,636.9195000006584,True,True,ok
000000124442.jpg,attack_03,person,195.13,168.45,284.77,382.5,True,True,0.8854620456695557,0.9036809206008911,-0.01821887493133545,0.9199538808165559,0.9156923761359287,0.004261504680627248,False,2,2,person,person,626.7629000067245,633.0808999991859,True,True,ok
000000124798.jpg,attack_03,car,574.77,311.69,640.0,425.88,True,True,0.7744524478912354,0.7753854393959045,-0.0009329915046691895,0.9407596186141609,0.9505764702615487,-0.00981685164738777,False,22,23,car,car,700.6631000040215,700.417700005346,True,True,ok
000000125778.jpg,attack_03,car,95.77,137.9,177.88,219.19,False,False,,,,,,,False,17,17,,,636.5195000034873,630.8188000039081,False,False,ok
000000127092.jpg,attack_03,car,147.26,408.4,218.83999999999997,458.92999999999995,True,True,0.8030185699462891,0.8034048080444336,-0.00038623809814453125,0.9026764044286361,0.9093299461386369,-0.0066535417100008765,False,9,9,car,car,636.4517999973032,630.9465000013006,True,True,ok
000000127394.jpg,attack_03,person,0.0,86.37,92.19,335.69,True,True,0.6896833181381226,0.6306731104850769,0.059010207653045654,0.9080580977471673,0.9166894539749948,-0.008631356227827514,False,45,44,person,person,733.2690000039292,731.8718000024091,True,True,ok
000000130386.jpg,attack_03,car,171.7,436.86,226.37,468.41,True,True,0.7741584777832031,0.7916589379310608,-0.017500460147857666,0.8529554631988873,0.8258435018197663,0.027111961379120975,False,37,30,car,car,636.3544999985606,630.017499999667,True,True,ok
000000133244.jpg,attack_03,person,1.0,0.0,639.0,116.0,False,False,,,,,,,False,30,32,,,742.6570000025094,732.2076999989804,False,False,ok
000000134886.jpg,attack_03,car,429.35,373.47,493.22,434.33000000000004,True,True,0.5481760501861572,0.5236846208572388,0.024491429328918457,0.8638288163026439,0.8838523776942548,-0.02002356139161099,False,12,13,car,car,625.1631999984966,628.0396000001929,True,True,ok
000000137246.jpg,attack_03,person,135.75,73.13,326.25,329.63,True,True,0.888866662979126,0.9102658629417419,-0.021399199962615967,0.9775092159363332,0.9843910515080229,-0.006881835571689643,False,29,30,person,person,703.4503000031691,711.5392999985488,True,True,ok
000000138979.jpg,attack_03,car,312.4,174.06,640.0,420.5,True,True,0.7079118490219116,0.6874478459358215,0.020464003086090088,0.9157487808308945,0.9224021560946482,-0.006653375263753647,False,11,11,car,car,710.898500001349,704.1240999969887,True,True,ok
000000140987.jpg,attack_03,person,58.97,137.83,368.17999999999995,434.1,True,True,0.8042482733726501,0.8252727389335632,-0.021024465560913086,0.8961970355535407,0.9051554952832838,-0.008958459729743073,False,22,21,person,person,699.8782000009669,698.8465999966138,True,True,ok
000000143068.jpg,attack_03,person,1.0,126.0,631.0,175.0,False,False,,,,,,,False,14,15,,,443.60759999835864,452.1094000010635,False,False,ok
000000144333.jpg,attack_03,car,3.64,132.5,273.02,273.08000000000004,True,True,0.3787902593612671,0.4995110034942627,-0.1207207441329956,0.9610771951122771,0.9466816637293317,0.014395531382945359,False,13,10,car,car,704.0441999997711,703.9770999981556,True,True,ok
000000147338.jpg,attack_03,car,0.0,76.06,185.08,210.71,False,False,,,,,,,False,6,6,,,628.9438000021619,635.8582000029855,False,False,ok
000000147740.jpg,attack_03,car,0.0,284.81,181.93,473.93,True,True,0.25409039855003357,0.32548999786376953,-0.07139959931373596,0.9186188118352233,0.8996677265747346,0.01895108526048872,False,18,18,car,car,636.3846000022022,634.0688999989652,True,True,ok
000000151962.jpg,attack_03,person,53.82,378.97,91.49000000000001,469.38,False,False,,,,,,,False,2,2,,,634.8006000043824,629.77089999913,False,False,ok
000000155341.jpg,attack_03,car,151.93,284.78,393.09000000000003,415.55999999999995,True,True,0.8598057627677917,0.849086344242096,0.0107194185256958,0.9481065606520978,0.9671859263200132,-0.01907936566791546,False,18,17,car,car,633.4299999944051,637.6966000025277,True,True,ok
000000157767.jpg,attack_03,person,196.71,144.89,314.73,421.24,True,True,0.8558012247085571,0.8479889631271362,0.0078122615814208984,0.9655551839876928,0.9628982383872374,0.0026569456004553738,False,38,40,person,person,708.4109999996144,708.3484999966458,True,True,ok
000000157928.jpg,attack_03,car,0.0,99.48,108.92,247.37,True,True,0.6188706159591675,0.6934452056884766,-0.07457458972930908,0.9038581840504625,0.9003560409366165,0.0035021431138460013,False,16,14,car,car,643.503100000089,628.8367000015569,True,True,ok
000000158744.jpg,attack_03,car,592.93,92.25,638.78,121.82,True,True,0.7474115490913391,0.7420849204063416,0.005326628684997559,0.8353966178296269,0.834592670972334,0.0008039468572929032,False,9,9,car,car,709.1885000045295,710.2001000021119,True,True,ok
000000159791.jpg,attack_03,person,166.19,282.66,191.66,326.02000000000004,False,False,,,,,,,False,6,7,,,628.4164000026067,630.2549000029103,False,False,ok
000000160012.jpg,attack_03,car,507.6,5.78,613.6800000000001,73.2,True,True,0.786115288734436,0.7230766415596008,0.0630386471748352,0.8167989525633643,0.791883236537388,0.02491571602597631,False,12,11,car,car,659.7723000013502,653.0654000016511,True,True,ok
000000162415.jpg,attack_03,person,38.83,99.24,488.99,631.37,True,True,0.8407842516899109,0.8959376811981201,-0.05515342950820923,0.9500644836895694,0.9509931911285938,-0.000928707439024401,False,2,2,person,person,571.9054000001051,566.2844000034966,True,True,ok
000000167122.jpg,attack_03,car,32.73,215.81,640.0,480.0,True,True,0.45281606912612915,0.48261958360671997,-0.02980351448059082,0.8916689159997712,0.9194550993795644,-0.027786183379793217,False,4,3,car,car,631.0464999987744,628.1209000007948,True,True,ok
000000169169.jpg,attack_03,car,393.09,364.77,486.0,408.03999999999996,True,True,0.48152628540992737,0.404090017080307,0.07743626832962036,0.5788763542638136,0.9305176934355995,-0.35164133917178597,False,26,25,car,car,629.8863999982132,631.2283000006573,True,True,ok
000000170099.jpg,attack_03,person,13.96,37.42,363.07,472.45,True,True,0.9298531413078308,0.9146512746810913,0.015201866626739502,0.983374498246971,0.9697712187665913,0.013603279480379649,False,3,3,person,person,635.1559999966412,629.6109999966575,True,True,ok
000000171788.jpg,attack_03,person,64.86,108.83,426.67,626.3100000000001,True,True,0.9164450168609619,0.9116048812866211,0.00484013557434082,0.9704068261073442,0.9711535974226021,-0.0007467713152579103,False,3,3,person,person,703.2557999991695,704.4009999954142,True,True,ok
000000173302.jpg,attack_03,person,266.02,167.04,312.96,225.44,True,True,0.8542544841766357,0.8795750141143799,-0.02532052993774414,0.9529923409621398,0.9719739273554746,-0.018981586393334804,False,29,29,person,person,715.5806999944616,701.1094999979832,True,True,ok
000000176606.jpg,attack_03,car,63.32,195.27,128.52,249.29000000000002,True,True,0.6728594303131104,0.74886155128479,-0.07600212097167969,0.9597629148666799,0.9666613341783207,-0.006898419311640813,False,4,3,car,car,626.4859000002616,625.667300002533,True,True,ok
000000177934.jpg,attack_03,car,457.65,157.53,555.37,231.51,True,True,0.3292994499206543,0.5594841837882996,-0.23018473386764526,0.82573352052602,0.8135630542370779,0.012170466288942139,False,29,29,car,car,628.1816999980947,626.4030999955139,True,True,ok
000000179141.jpg,attack_03,person,276.43,0.01,561.4300000000001,467.15,True,True,0.44765132665634155,0.2871188223361969,0.16053250432014465,0.606915583992885,0.6172301386163972,-0.010314554623512162,False,10,10,person,person,631.0755999948015,626.7167999976664,True,True,ok
000000179174.jpg,attack_03,person,390.68,111.69,416.02,182.22,True,True,0.8400984406471252,0.843651533126831,-0.0035530924797058105,0.8942692524959626,0.8885723650675885,0.005696887428374042,False,53,51,person,person,696.3352000020677,695.6706999990274,True,True,ok
000000183709.jpg,attack_03,person,78.01,212.01,316.39,633.86,True,True,0.7767344117164612,0.8482557535171509,-0.0715213418006897,0.9605490489191244,0.9648860187334724,-0.004336969814347946,False,28,27,person,person,627.1082999955979,627.5953000003938,True,True,ok
000000184324.jpg,attack_03,car,276.71,237.19,344.87,270.38,True,True,0.6985775232315063,0.7803507447242737,-0.08177322149276733,0.8709169793237499,0.8946942306508053,-0.023777251327055438,False,57,52,car,car,707.588700002816,706.7244999998366,True,True,ok
000000184611.jpg,attack_03,person,64.0,109.0,639.0,432.0,False,False,,,,,,,False,26,24,,,634.6606999941287,631.0631000014837,False,False,ok
000000188296.jpg,attack_03,car,1.37,288.53,119.06,388.43999999999994,True,True,0.7131058573722839,0.4371776282787323,0.27592822909355164,0.9396413685996207,0.9189219380333564,0.02071943056626424,False,11,14,car,car,499.070899997605,508.47789999534143,True,True,ok
000000190923.jpg,attack_03,person,58.0,236.0,233.0,306.0,False,False,,,,,,,False,29,25,,,641.0759999998845,637.141100000008,False,False,ok
000000191288.jpg,attack_03,person,258.29,0.0,391.01,203.15,True,True,0.9100863337516785,0.9194541573524475,-0.009367823600769043,0.9145968002883696,0.9226884540318437,-0.008091653743474092,False,5,5,person,person,709.2875999951502,709.8321999947075,True,True,ok
000000192716.jpg,attack_03,car,137.81,595.39,234.11,640.0,True,True,0.7858690023422241,0.7959592342376709,-0.010090231895446777,0.9498822811039067,0.9470194814057786,0.0028627996981280823,False,4,4,car,car,591.9731000030879,585.1440000042203,True,True,ok
000000196141.jpg,attack_03,car,468.46,72.35,583.67,136.95,True,True,0.25255241990089417,0.40433987975120544,-0.15178745985031128,0.8223881234913286,0.5179772450822007,0.30441087840912795,False,28,24,car,car,700.5636999965645,695.9147000015946,True,True,ok
000000196759.jpg,attack_03,car,575.83,228.51,626.23,255.78,True,True,0.71787428855896,0.6688658595085144,0.04900842905044556,0.9183406118974181,0.8941393884116029,0.024201223485815215,False,8,7,car,car,637.7762999982224,633.8591000021552,True,True,ok
000000197658.jpg,attack_03,person,178.34,140.94,562.34,579.6,True,True,0.888293445110321,0.8874610066413879,0.0008324384689331055,0.9652558270413211,0.9680863916454582,-0.002830564604137109,False,3,3,person,person,524.3637000021408,527.2866999948747,True,True,ok
000000199236.jpg,attack_03,person,1.0,170.0,570.0,223.0,False,False,,,,,,,False,27,28,,,716.0839999996824,713.3583000031649,False,False,ok
000000200421.jpg,attack_03,person,126.2,122.64,502.65,473.2,True,True,0.6803584694862366,0.7947946786880493,-0.11443620920181274,0.971432806167726,0.9557062130160083,0.01572659315171765,False,7,8,person,person,634.21009999729,628.689299999678,True,True,ok
000000201934.jpg,attack_03,car,261.9,160.13,297.08,192.70999999999998,True,True,0.6541796922683716,0.6198106408119202,0.034369051456451416,0.9072246125404272,0.9072856870185976,-6.107447817038647e-05,False,13,13,car,car,626.4719999962836,635.7099000015296,True,True,ok
000000206579.jpg,attack_03,person,0.97,1.48,434.49,474.02000000000004,True,True,0.6984913349151611,0.2731955945491791,0.42529574036598206,0.6752810792949779,0.9522170980817523,-0.2769360187867743,False,5,5,person,person,629.4475000031525,635.0583999956143,True,True,ok
000000210273.jpg,attack_03,car,91.0,61.0,639.0,322.0,False,False,,,,,,,False,63,60,,,702.1667000008165,700.5500000013853,False,False,ok
000000212573.jpg,attack_03,car,0.0,118.56,168.62,255.25,True,True,0.8374651670455933,0.8243411183357239,0.013124048709869385,0.9240468037973245,0.9208727274581522,0.003174076339172327,False,21,18,car,car,539.3449000039254,541.1339999991469,True,True,ok
000000213547.jpg,attack_03,person,123.69,139.51,355.24,606.9200000000001,True,True,0.8546326756477356,0.7924110889434814,0.06222158670425415,0.9364006661159744,0.9031930932695021,0.033207572846472244,False,22,23,person,person,631.0085999939474,632.4769000057131,True,True,ok
000000213593.jpg,attack_03,car,200.12,377.47,274.5,426.0,True,True,0.5623242259025574,0.41855186223983765,0.14377236366271973,0.8965246473847747,0.8473958332593523,0.04912881412542236,False,32,31,car,car,706.5307000011671,701.9858999992721,True,True,ok
000000213605.jpg,attack_03,car,358.87,445.2,479.99,592.55,True,True,0.7496232986450195,0.7923677563667297,-0.042744457721710205,0.9624717399581437,0.953125270893557,0.009346469064586693,False,10,8,car,car,634.7720999983721,632.2339999969699,True,True,ok
000000214200.jpg,attack_03,car,28.76,487.31,427.0,626.8199999999999,True,True,0.707044780254364,0.7355652451515198,-0.02852046489715576,0.9229150311788219,0.9234983639615013,-0.0005833327826794132,False,5,5,car,car,704.7563000014634,700.1100999987102,True,True,ok
000000215723.jpg,attack_03,person,178.34,113.01,296.87,263.62,True,True,0.6582494974136353,0.5114704370498657,0.14677906036376953,0.9520744218491717,0.9566780899336917,-0.004603668084520063,False,9,10,person,person,627.6905999984592,627.5089999980992,True,True,ok
000000222094.jpg,attack_03,car,21.72,215.19,111.84,242.53,True,True,0.5124333500862122,0.5105744004249573,0.0018589496612548828,0.8298596533297538,0.7973428027695378,0.032516850560215915,False,26,23,car,car,626.4196999982232,634.8950999963563,True,True,ok
000000223747.jpg,attack_03,person,249.44,98.94,437.35,293.51,False,True,,0.2893674671649933,,,0.5010458920236488,,False,2,3,,person,637.2306999983266,645.065099997737,False,False,ok
000000224222.jpg,attack_03,person,259.27,74.58,327.46,187.45,True,True,0.9329595565795898,0.9265034794807434,0.0064560770988464355,0.9373210168270654,0.9494316666741444,-0.012110649847078991,False,4,4,person,person,700.6927000038559,705.258900001354,True,True,ok
000000226662.jpg,attack_03,person,483.59,10.59,562.43,214.15,True,True,0.3978457450866699,0.44558796286582947,-0.047742217779159546,0.8510452427021887,0.7825906834352828,0.06845455926690591,False,5,4,person,person,663.7837999951444,659.04589999991,True,True,ok
000000227898.jpg,attack_03,car,577.19,187.84,640.0,304.55,True,True,0.4150424003601074,0.5285730957984924,-0.11353069543838501,0.9624545591096968,0.932271775905282,0.03018278320441481,False,13,14,car,car,703.9272999973036,706.9163999985904,True,True,ok
000000229358.jpg,attack_03,person,464.46,0.0,640.0,423.0,True,True,0.2574639618396759,0.2600581645965576,-0.002594202756881714,0.9625452716441375,0.9647880168756415,-0.0022427452315040286,False,11,13,person,person,715.0184999991325,722.0755000016652,True,True,ok
000000230008.jpg,attack_03,car,434.32,74.32,640.0,311.23,True,True,0.534148633480072,0.6711059808731079,-0.1369573473930359,0.8974082423422456,0.8968056477581549,0.0006025945840907321,False,4,4,car,car,735.0096000009216,739.7710000004736,True,True,ok
000000236845.jpg,attack_03,car,47.91,426.51,100.74,469.84,True,True,0.8324366211891174,0.7008544206619263,0.13158220052719116,0.892299076370963,0.8860236051807984,0.006275471190164583,False,4,5,car,car,617.2024000043166,611.1776999969152,True,True,ok
000000242678.jpg,attack_03,person,351.53,163.32,413.26,227.26999999999998,True,True,0.8651062846183777,0.49544528126716614,0.36966100335121155,0.7806726147418109,0.8970716577324553,-0.11639904299064441,False,3,5,person,person,625.6886999981361,621.617899996636,True,True,ok
000000245026.jpg,attack_03,person,178.58,32.95,424.95000000000005,307.02,True,True,0.8051686882972717,0.878675639629364,-0.07350695133209229,0.9541810785972118,0.9520169210257041,0.0021641575715076744,False,10,8,person,person,711.4509000020917,697.4891999998363,True,True,ok
000000245320.jpg,attack_03,car,365.76,245.0,423.35,311.35,False,False,,,,,,,False,3,3,,,704.4031000041286,709.8502000008011,False,False,ok
000000253742.jpg,attack_03,person,391.75,92.56,529.51,472.47,True,True,0.8219160437583923,0.7890888452529907,0.03282719850540161,0.9605074494117214,0.9340788638788109,0.026428585532910498,False,39,40,person,person,628.308699997433,627.1567000003415,True,True,ok
000000254516.jpg,attack_03,person,213.98,96.83,402.78999999999996,422.15999999999997,True,True,0.735576331615448,0.7372263073921204,-0.0016499757766723633,0.9175031566847598,0.9422213534710678,-0.024718196786308044,False,31,31,person,person,697.3400999995647,694.0629000018816,True,True,ok
000000257370.jpg,attack_03,person,0.0,50.98,181.55,473.78000000000003,True,True,0.8848085403442383,0.8919246792793274,-0.007116138935089111,0.9653868810523187,0.9697946462077152,-0.004407765155396426,False,19,18,person,person,636.46190000145,628.7116999956197,True,True,ok
000000258883.jpg,attack_03,person,0.0,65.11,280.37,348.61,True,True,0.48940491676330566,0.2952527701854706,0.19415214657783508,0.7392011802387576,0.8916046619610596,-0.152403481722302,False,7,8,person,person,709.8112000021501,709.0671999976621,True,True,ok
000000259690.jpg,attack_03,car,446.19,112.63,575.96,150.49,True,False,0.26814574003219604,,,0.7093179229859736,,,True,48,46,car,,634.9673000004259,634.5013000027393,False,True,ok
000000260266.jpg,attack_03,car,51.39,516.24,125.19,551.97,True,True,0.8242813348770142,0.8319145441055298,-0.007633209228515625,0.9061758217499027,0.9092653928913307,-0.003089571141427938,False,17,16,car,car,633.988199995656,626.582299999427,True,True,ok
000000260925.jpg,attack_03,car,1.08,28.65,640.0,474.04999999999995,True,True,0.4524785280227661,0.5180298686027527,-0.06555134057998657,0.9302787573029047,0.9205960332134638,0.00968272408944082,False,5,6,car,car,634.7201000025962,631.2264000007417,True,True,ok
000000262487.jpg,attack_03,person,198.23,274.29,428.88,463.79,True,True,0.3064172863960266,0.7103409767150879,-0.4039236903190613,0.8778188034124117,0.5762607094720685,0.30155809394034316,False,8,7,person,person,637.1818999978132,627.9619000051753,True,True,ok
000000266981.jpg,attack_03,car,323.72,411.3,392.27000000000004,450.33000000000004,True,True,0.28272873163223267,0.3851688802242279,-0.10244014859199524,0.7700782170749967,0.8104333560872921,-0.04035513901229537,False,42,42,car,car,714.1008000035072,713.0151000019396,True,True,ok
000000268378.jpg,attack_03,person,390.46,143.6,621.1899999999999,359.0,True,True,0.7253209948539734,0.761036217212677,-0.03571522235870361,0.8893658907219788,0.8377615091609898,0.05160438156098901,False,45,45,person,person,739.615500002401,737.8141999943182,True,True,ok
000000269316.jpg,attack_03,person,395.86,147.12,611.0,397.68,True,True,0.8296538591384888,0.6684952974319458,0.16115856170654297,0.974036058533587,0.9794258278558206,-0.005389769322233562,False,6,7,person,person,711.9979999988573,714.7744999965653,True,True,ok
000000273198.jpg,attack_03,car,257.34,0.0,386.33,33.27,True,True,0.6617700457572937,0.6692330837249756,-0.007463037967681885,0.9261623775509161,0.9175398434442673,0.008622534106648816,False,6,6,car,car,634.0841999990516,626.8018999980995,True,True,ok
000000273711.jpg,attack_03,person,527.38,43.64,638.34,473.77,True,True,0.7245081663131714,0.7028741240501404,0.021634042263031006,0.9322124994582961,0.8615909670368578,0.07062153242143832,False,49,48,person,person,630.2283000040916,623.8355999958003,True,True,ok
000000275058.jpg,attack_03,person,205.6,148.94,276.62,283.15,True,True,0.8957553505897522,0.886674165725708,0.00908118486404419,0.8992031434591993,0.8724412417999612,0.026761901659238085,False,2,3,person,person,693.5657000067295,699.6927000000142,True,True,ok
000000276707.jpg,attack_03,car,0.0,450.34,111.04,480.0,True,True,0.647587776184082,0.5414535403251648,0.10613423585891724,0.916361535547143,0.8528126662089746,0.06354886933816839,False,6,5,car,car,628.2315999997081,628.2748000012361,True,True,ok
000000281754.jpg,attack_03,person,50.34,20.13,234.43,588.22,True,True,0.7973266839981079,0.8050267100334167,-0.007700026035308838,0.9360245416911583,0.9373072037168986,-0.0012826620257402332,False,5,4,person,person,712.6888999991934,711.5927999984706,True,True,ok
000000281929.jpg,attack_03,person,256.58,62.84,426.76,477.82000000000005,True,True,0.8607037663459778,0.8380645513534546,0.022639214992523193,0.9197559861333211,0.9103139054004713,0.0094420807328498,False,3,3,person,person,608.1817999947816,596.2531999975909,True,True,ok
000000283037.jpg,attack_03,car,0.77,357.03,92.8,447.46999999999997,True,True,0.7822372913360596,0.7572493553161621,0.02498793601989746,0.951552766791941,0.9626427745830757,-0.01109000779113467,False,3,3,car,car,696.8377000011969,704.7732999999425,True,True,ok
000000283038.jpg,attack_03,car,0.0,186.57,48.0,215.09,True,True,0.8493392467498779,0.7977946400642395,0.05154460668563843,0.9590220518404949,0.8532816002769995,0.10574045156349543,False,12,12,car,car,727.7310999998008,729.2586000039591,True,True,ok
000000284991.jpg,attack_03,person,85.6,0.96,636.71,423.19,True,True,0.3802303373813629,0.30116692185401917,0.07906341552734375,0.9718238787111407,0.9792350016943877,-0.007411122983246976,False,5,6,person,person,695.7709999987856,699.6472000028007,True,True,ok
000000291634.jpg,attack_03,person,349.51,189.48,385.19,283.38,True,True,0.8659965395927429,0.8849259614944458,-0.01892942190170288,0.8381084087548162,0.803543143958934,0.03456526479588218,False,29,28,person,person,696.5979000015068,684.6087000012631,True,True,ok
000000292997.jpg,attack_03,car,0.0,212.26,190.17,383.12,True,True,0.540090024471283,0.6175373792648315,-0.07744735479354858,0.9457045963261881,0.9503230629805677,-0.004618466654379594,False,24,20,car,car,625.797299995611,625.5979999987176,True,True,ok
000000294831.jpg,attack_03,person,515.13,152.51,640.0,354.51,True,True,0.5921139121055603,0.5385180115699768,0.053595900535583496,0.9263273962188251,0.9427304344633711,-0.01640303824454603,False,8,8,person,person,733.6673999961931,728.6966999963624,True,True,ok
000000296224.jpg,attack_03,car,0.0,185.9,57.31,226.72,True,True,0.6449031829833984,0.3473004698753357,0.29760271310806274,0.5757104344049273,0.7679734413999413,-0.19226300699501397,False,5,5,car,car,630.0900999995065,635.007000004407,True,True,ok
000000296649.jpg,attack_03,car,427.91,329.25,640.0,422.52,True,True,0.7234228849411011,0.6912230253219604,0.032199859619140625,0.9378138977426643,0.9318709354723982,0.005942962270266139,False,27,27,car,car,705.4066999990027,698.9951000068686,True,True,ok
000000297084.jpg,attack_03,person,145.78,2.75,537.73,413.96,True,True,0.8810814023017883,0.8931468725204468,-0.012065470218658447,0.9606313295806075,0.958702592221443,0.0019287373591644341,False,41,38,person,person,477.9158000019379,473.1253999998444,True,True,ok
000000297595.jpg,attack_03,person,136.39,231.0,179.2,268.01,True,True,0.8856658339500427,0.8908817768096924,-0.005215942859649658,0.9312127486569403,0.9177145380294732,0.013498210627467033,False,2,2,person,person,698.6934000015026,693.0645000029472,True,True,ok
000000300341.jpg,attack_03,person,400.99,1.21,600.58,427.0,True,True,0.8280843496322632,0.8478771448135376,-0.019792795181274414,0.9441008060141567,0.9538885742986026,-0.009787768284445941,False,14,14,person,person,707.572599996638,692.3550999999861,True,True,ok
000000301421.jpg,attack_03,car,295.98,96.98,376.83000000000004,154.9,True,True,0.5756881833076477,0.596825361251831,-0.02113717794418335,0.9349990644164561,0.9361420269974281,-0.0011429625809720179,False,10,9,car,car,698.0368000004091,697.8061999980127,True,True,ok
000000301718.jpg,attack_03,person,305.01,0.37,479.75,372.58,True,True,0.7566632628440857,0.7434902191162109,0.013173043727874756,0.9614249752983451,0.9703114747655324,-0.008886499467187225,False,18,14,person,person,623.5120999990613,626.0965000037686,True,True,ok
000000302990.jpg,attack_03,person,240.72,138.6,465.21000000000004,289.53999999999996,True,True,0.9183069467544556,0.9104063510894775,0.007900595664978027,0.8317711163879664,0.8521233451614577,-0.0203522287734913,False,8,8,person,person,703.2085000028019,705.85829999618,True,True,ok
000000303305.jpg,attack_03,car,591.39,203.49,640.0,255.08,True,True,0.49645841121673584,0.44723251461982727,0.04922589659690857,0.910590590519115,0.8993617546252866,0.011228835893828393,False,5,5,car,car,627.7069999996456,627.3208000056911,True,True,ok
000000303566.jpg,attack_03,car,206.97,88.46,248.45,121.25,True,True,0.4710634648799896,0.4799059331417084,-0.00884246826171875,0.8079476800459294,0.7558389754517,0.05210870459422945,False,47,49,car,car,706.488799994986,708.3229999989271,True,True,ok
000000304812.jpg,attack_03,person,94.38,378.93,124.88,452.45,True,True,0.4154309630393982,0.7471145391464233,-0.33168357610702515,0.8873395973299438,0.8420799082449012,0.04525968908504263,False,19,16,person,person,693.431599996984,691.6697000051499,True,True,ok
000000305609.jpg,attack_03,person,294.97,2.07,612.0,157.82,True,True,0.3088574707508087,0.25589221715927124,0.052965253591537476,0.9181004799068678,0.9353222569904165,-0.01722177708354866,False,20,22,person,person,465.7223999965936,472.31279999687104,True,True,ok
000000309391.jpg,attack_03,car,257.0,236.0,325.5,288.5,True,True,0.8490421772003174,0.8665066957473755,-0.017464518547058105,0.9157351559578052,0.8766096120635414,0.039125543894263815,False,56,49,car,car,775.4678999990574,773.2584000041243,True,True,ok
000000311002.jpg,attack_03,person,35.5,148.97,256.2,422.44000000000005,True,True,0.7924106121063232,0.8355261087417603,-0.04311549663543701,0.9201481647079104,0.9228624156893648,-0.0027142509814543914,False,10,10,person,person,704.9706000034348,699.3600000059814,True,True,ok
000000319184.jpg,attack_03,person,271.54,88.99,473.70000000000005,273.32,True,True,0.8668028116226196,0.8547881245613098,0.012014687061309814,0.9468998837850924,0.9390722401135312,0.00782764367156119,False,11,12,person,person,762.2277999980724,768.9406999998027,True,True,ok
000000319369.jpg,attack_03,car,597.05,193.5,640.0,220.29,True,True,0.7290249466896057,0.7657755017280579,-0.03675055503845215,0.9234012475614167,0.9257032051408874,-0.0023019575794707148,False,20,21,car,car,696.926300006453,701.5152000021772,True,True,ok
000000321790.jpg,attack_03,person,125.81,8.58,310.72,422.24,True,True,0.8382948040962219,0.854668140411377,-0.01637333631515503,0.9159061173802714,0.913655927745174,0.002250189635097377,False,2,2,person,person,704.6621000044979,695.2404000039678,True,True,ok
000000323571.jpg,attack_03,car,72.67,593.34,152.78,629.0600000000001,False,False,,,,,,,False,10,9,,,625.0893999967957,632.9396000000997,False,False,ok
000000325031.jpg,attack_03,person,0.0,161.0,631.0,193.0,False,False,,,,,,,False,31,29,,,500.99259999842616,506.1892000012449,False,False,ok
000000326541.jpg,attack_03,car,242.81,268.59,334.69,355.78,False,False,,,,,,,False,7,8,,,737.4714999969001,740.8645000032266,False,False,ok
000000334371.jpg,attack_03,car,48.21,257.53,168.17,297.52,True,True,0.4093881845474243,0.41545018553733826,-0.00606200098991394,0.8406205577595127,0.8491158465044533,-0.008495288744940543,False,17,15,car,car,716.850799995882,719.1552000003867,True,True,ok
000000334555.jpg,attack_03,car,448.82,182.37,580.39,260.78,False,False,,,,,,,False,25,25,,,711.2882999936119,712.5768000041717,False,False,ok
000000338560.jpg,attack_03,car,56.18,165.31,137.51,200.66,True,True,0.8215481638908386,0.8216953277587891,-0.00014716386795043945,0.9229825331338629,0.9102294196222636,0.012753113511599357,False,12,12,car,car,630.4347000041162,627.7823999989778,True,True,ok
000000338625.jpg,attack_03,car,10.32,236.07,125.94,277.36,True,True,0.8564594984054565,0.8455584049224854,0.010901093482971191,0.9296528411554384,0.9253786460424498,0.004274195112988655,False,25,20,car,car,627.0330999977887,624.0203999986988,True,True,ok
000000338986.jpg,attack_03,car,294.98,523.05,403.0,626.93,True,False,0.408154159784317,,,0.8307795715820364,,,True,7,6,car,,732.7948000020115,739.488999999594,False,True,ok
000000343453.jpg,attack_03,person,249.69,54.89,439.1,473.53999999999996,True,True,0.8957872986793518,0.8951319456100464,0.0006553530693054199,0.9520633143350582,0.9441267834081305,0.007936530926927698,False,3,3,person,person,627.4243999941973,633.7304999979096,True,True,ok
000000344909.jpg,attack_03,car,380.55,195.63,438.43,236.43,True,True,0.5533971190452576,0.6073341965675354,-0.05393707752227783,0.8957668421696249,0.8960319993433132,-0.00026515717368835734,False,7,5,car,car,622.4153000002843,626.7606999972486,True,True,ok
000000345361.jpg,attack_03,car,447.29,54.48,476.98,89.57,True,True,0.3988257050514221,0.2562508285045624,0.14257487654685974,0.8558842841645004,0.6648828598255189,0.19100142433898148,False,17,12,car,car,651.9215999942389,653.7306999962311,True,True,ok
000000350122.jpg,attack_03,person,236.0,209.0,639.0,372.0,False,False,,,,,,,False,43,45,,,628.52710000152,627.1752999964519,False,False,ok
000000353027.jpg,attack_03,person,0.0,0.0,237.4,232.43,True,True,0.589070737361908,0.6224267482757568,-0.03335601091384888,0.9066091725788811,0.8764742926984279,0.030134879880453158,False,4,4,person,person,702.2914999979548,707.0910000038566,True,True,ok
000000354829.jpg,attack_03,car,81.74,84.27,371.63,238.48000000000002,True,True,0.7672383189201355,0.7270004153251648,0.0402379035949707,0.9611305773412404,0.9711128817160524,-0.009982304374811957,False,3,1,car,car,629.3397000044934,637.3459000024013,True,True,ok
000000355257.jpg,attack_03,person,326.08,230.09,636.0,330.29,True,True,0.4501356780529022,0.3467760980129242,0.10335958003997803,0.8937532977858383,0.8355828011828677,0.05817049660297069,False,5,7,person,person,703.3517999952892,697.997099996428,True,True,ok
000000359540.jpg,attack_03,person,152.25,170.9,282.07,341.23,True,True,0.922013521194458,0.9043775200843811,0.017636001110076904,0.934486245551038,0.9370475416040046,-0.0025612960529666218,False,10,9,person,person,706.4042999991216,704.7655999995186,True,True,ok
000000361506.jpg,attack_03,car,480.66,258.99,570.09,287.06,True,True,0.5550504922866821,0.4959655702114105,0.059084922075271606,0.6861194034831699,0.6821511578173799,0.003968245665790016,False,5,8,car,car,629.4612999990932,633.9378999982728,True,True,ok
000000363188.jpg,attack_03,car,590.03,198.92,640.0,305.34,True,False,0.4454733431339264,,,0.9204423561385109,,,True,29,25,car,,702.457699997467,700.0875000012456,False,True,ok
000000365642.jpg,attack_03,car,0.0,26.33,93.3,93.67999999999999,True,True,0.6122496724128723,0.625202476978302,-0.012952804565429688,0.9308633758820273,0.9307016930749179,0.00016168280710937566,False,11,11,car,car,701.4255000030971,701.5648000015062,True,True,ok
000000367680.jpg,attack_03,person,248.93,151.87,272.53000000000003,197.55,True,True,0.8276423811912537,0.8285375237464905,-0.0008951425552368164,0.9296922097770888,0.9196533244093662,0.010038885367722572,False,22,21,person,person,627.5863000046229,630.2775999938603,True,True,ok
000000369812.jpg,attack_03,car,456.64,497.91,638.43,628.1700000000001,True,True,0.386359304189682,0.3500683009624481,0.03629100322723389,0.969813268384951,0.9596629835390762,0.010150284845874769,False,19,20,car,car,478.24840000248514,480.4117000021506,True,True,ok
000000370208.jpg,attack_03,person,0.0,194.84,48.12,261.35,True,False,0.2934642434120178,,,0.8944231517336271,,,True,4,3,person,,626.9055000011576,628.6476000022958,False,True,ok
000000370270.jpg,attack_03,person,295.5,201.08,472.78999999999996,632.07,True,True,0.8729639053344727,0.8683645129203796,0.004599392414093018,0.9282287617366541,0.9127686730408254,0.015460088695828711,False,21,22,person,person,627.8793000019505,629.4256999972276,True,True,ok
000000372577.jpg,attack_03,person,173.18,114.45,341.84000000000003,501.46,True,True,0.8980126976966858,0.9059672355651855,-0.007954537868499756,0.9192527500138491,0.9189365451706066,0.00031620484324246245,False,3,3,person,person,624.1981999992277,635.0084000005154,True,True,ok
000000374982.jpg,attack_03,person,65.27,3.28,302.96,292.69,True,True,0.8152897357940674,0.8275920748710632,-0.01230233907699585,0.9436937556064272,0.9298907627825795,0.01380299282384767,False,16,15,person,person,634.8571999988053,631.7916999978479,True,True,ok
000000376625.jpg,attack_03,person,540.08,206.69,579.7800000000001,331.11,True,True,0.8760113716125488,0.8633331656455994,0.012678205966949463,0.8383539281904728,0.8583943370672454,-0.02004040887677261,False,29,28,person,person,694.1452999963076,697.0329999967362,True,True,ok
000000377946.jpg,attack_03,car,509.59,252.24,638.87,425.47,True,True,0.7873660922050476,0.7503067851066589,0.03705930709838867,0.9744735199578265,0.9696046945766943,0.004868825381132202,False,26,25,car,car,702.5856999971438,708.8392000005115,True,True,ok
000000380706.jpg,attack_03,person,276.34,170.54,381.0,379.87,True,True,0.804803192615509,0.8170608282089233,-0.012257635593414307,0.9570622043810558,0.9538225886539201,0.003239615727135714,False,13,13,person,person,711.086700001033,701.9980999975814,True,True,ok
000000389566.jpg,attack_03,car,457.89,160.96,504.66999999999996,194.79000000000002,True,True,0.49834123253822327,0.646557629108429,-0.1482163965702057,0.915033674089416,0.9083602753977781,0.006673398691637966,False,21,21,car,car,692.3246000005747,692.268700004206,True,True,ok
000000392722.jpg,attack_03,car,313.89,268.42,354.03,294.76,True,True,0.3853874206542969,0.4005260467529297,-0.015138626098632812,0.8761788176826381,0.8250531529053944,0.05112566477724367,False,24,21,car,car,706.5159999983734,701.3632999951369,True,True,ok
000000393093.jpg,attack_03,car,282.56,355.03,358.32,401.47999999999996,True,True,0.826949417591095,0.8116257190704346,0.0153236985206604,0.9134047070303127,0.9177471336419243,-0.0043424266116115495,False,11,9,car,car,716.5863999980502,710.7190000024275,True,True,ok
000000393226.jpg,attack_03,car,38.49,207.39,104.30000000000001,247.13,True,True,0.7336977124214172,0.7241358757019043,0.00956183671951294,0.9186823595776519,0.9040297661861917,0.014652593391460189,False,21,19,car,car,631.679999998596,630.1855000056094,True,True,ok
000000396338.jpg,attack_03,car,0.0,133.15,291.09,422.40999999999997,False,False,,,,,,,False,17,13,,,693.0502999966848,699.2715000014869,False,False,ok
000000397351.jpg,attack_03,car,251.6,6.76,640.0,254.54999999999998,True,True,0.4451886713504791,0.4714201092720032,-0.026231437921524048,0.7716288882394781,0.7532909568300641,0.018337931409413977,False,15,19,car,car,705.1295999990543,700.4575999962981,True,True,ok
000000398742.jpg,attack_03,person,2.88,44.58,375.37,542.2,True,True,0.8437924981117249,0.8367159366607666,0.007076561450958252,0.9674456945359658,0.9764986870801065,-0.009052992544140603,False,8,9,person,person,697.5538999977289,700.9053000001586,True,True,ok
000000400367.jpg,attack_03,car,11.92,241.44,127.39,321.15,True,True,0.7240439057350159,0.7472209334373474,-0.023177027702331543,0.8985575724839121,0.8941062482138062,0.004451324270105861,False,22,20,car,car,699.7179000027245,710.1467000029515,True,True,ok
000000403565.jpg,attack_03,person,181.58,230.35,281.44,520.39,True,True,0.8983418941497803,0.8897427916526794,0.00859910249710083,0.8534566131401924,0.8449744506866421,0.008482162453550268,False,4,4,person,person,670.517500002461,666.3425999940955,True,True,ok
000000404923.jpg,attack_03,person,195.68,106.25,364.32,475.14,True,True,0.8834040760993958,0.8933045864105225,-0.009900510311126709,0.9745379611765315,0.9778757743979708,-0.003337813221439334,False,7,9,person,person,626.0569000005489,625.7897999967099,True,True,ok
000000407083.jpg,attack_03,car,0.0,1.66,480.0,625.04,True,True,0.33285051584243774,0.31549251079559326,0.017358005046844482,0.9798465118973378,0.9798743306411407,-2.781874380286542e-05,False,5,7,car,car,636.0270000004675,626.0328999997,True,True,ok
000000407868.jpg,attack_03,person,203.0,241.54,248.29,341.19,True,True,0.852511465549469,0.8462620377540588,0.006249427795410156,0.9280748878190079,0.8953124803244163,0.03276240749459158,False,9,6,person,person,624.5071000012103,630.0640999979805,True,True,ok
000000412286.jpg,attack_03,person,76.4,155.06,206.74,450.56,True,True,0.8998030424118042,0.9050614237785339,-0.005258381366729736,0.9623967113126977,0.9559817044346244,0.006415006878073282,False,3,3,person,person,701.052600001276,703.0783000009251,True,True,ok
000000413689.jpg,attack_03,car,1.47,144.4,54.29,167.96,True,False,0.6213781237602234,,,0.9479925723885252,,,True,23,22,car,,703.3395000034943,714.381300000241,False,True,ok
000000414385.jpg,attack_03,car,151.69,276.03,219.95,325.87,True,True,0.8657812476158142,0.875277578830719,-0.009496331214904785,0.8771698711337461,0.8764360413281226,0.0007338298056235315,False,12,10,car,car,632.2706999999355,632.2025999979815,True,True,ok
000000415727.jpg,attack_03,person,161.19,92.44,481.19,474.07,True,True,0.7558000087738037,0.8206790685653687,-0.06487905979156494,0.9536190836343041,0.956113080265177,-0.002493996630872908,False,7,7,person,person,629.6494999987772,627.2988999990048,True,True,ok
000000416885.jpg,attack_03,car,173.6,0.7,500.0,159.13,True,False,0.25575491786003113,,,0.9467258794569018,,,True,16,11,car,,626.608300000953,629.1584999999031,False,True,ok
000000417249.jpg,attack_03,person,325.13,216.42,470.51,543.06,True,True,0.8958216309547424,0.9006456136703491,-0.0048239827156066895,0.9631035860243592,0.9660803723800631,-0.0029767863557038643,False,14,13,person,person,633.0581000001985,632.7823999963584,True,True,ok
000000417779.jpg,attack_03,car,199.94,100.62,257.55,144.3,True,True,0.780278742313385,0.7931210994720459,-0.012842357158660889,0.7709288373177717,0.7860872082804492,-0.01515837096267747,False,6,6,car,car,634.5973999996204,641.6699999972479,True,True,ok
000000419408.jpg,attack_03,car,18.45,187.93,94.57000000000001,214.43,True,True,0.7793127298355103,0.7603651285171509,0.018947601318359375,0.9036053092040718,0.8982530630977246,0.005352246106347214,False,12,13,car,car,694.70359999832,695.9709000002476,True,True,ok
000000423617.jpg,attack_03,car,408.41,341.33,565.23,466.21999999999997,True,True,0.8257938623428345,0.8499035835266113,-0.024109721183776855,0.906604134401571,0.9091634846354686,-0.0025593502338976393,False,17,16,car,car,630.7384999963688,625.9427999975742,True,True,ok
000000425221.jpg,attack_03,person,2.88,397.93,68.17999999999999,503.97,True,True,0.3035877048969269,0.3388751149177551,-0.03528741002082825,0.7909964984165276,0.754044140088167,0.036952358328360635,False,10,7,person,person,632.32589999825,627.147100000002,True,True,ok
000000425925.jpg,attack_03,car,54.34,414.5,133.29000000000002,463.82,True,True,0.6990440487861633,0.6687105894088745,0.03033345937728882,0.9551672358027039,0.940456493874224,0.014710741928479876,False,18,17,car,car,659.7621000037179,649.051899999904,True,True,ok
000000427055.jpg,attack_03,car,319.4,309.1,365.76,340.59000000000003,True,False,0.28786301612854004,,,0.6825139821852434,,,True,16,16,car,,635.8901000057813,631.3989000045694,False,True,ok
000000427500.jpg,attack_03,car,0.0,5.69,43.36,136.72,True,True,0.7109674215316772,0.6688371896743774,0.042130231857299805,0.9479679573113963,0.9385396871545216,0.00942827015687464,False,3,3,car,car,707.8424999999697,707.172399997944,True,True,ok
000000427655.jpg,attack_03,car,230.91,223.4,276.81,264.46000000000004,True,True,0.5733381509780884,0.6078250408172607,-0.03448688983917236,0.7225656829356562,0.7267621215682145,-0.004196438632558364,False,16,18,car,car,688.5032999998657,694.328300000052,True,True,ok
000000430048.jpg,attack_03,car,213.2,234.85,297.46999999999997,276.15,True,True,0.32932114601135254,0.2938495874404907,0.035471558570861816,0.7866109997237477,0.7937600251160501,-0.007149025392302444,False,2,2,car,car,627.8992000006838,628.6290999996709,True,True,ok
000000436738.jpg,attack_03,car,264.97,347.9,396.47,404.12,True,True,0.7338441014289856,0.710205078125,0.023639023303985596,0.8449569061687453,0.8666573018019122,-0.021700395633166947,False,17,17,car,car,483.0648999995901,488.3979000005638,True,True,ok
000000437239.jpg,attack_03,person,536.22,146.35,629.78,380.23,True,True,0.8681657314300537,0.8605243563652039,0.0076413750648498535,0.9125858990633119,0.9110450115060765,0.0015408875572353598,False,13,14,person,person,702.8693999964162,703.942600004666,True,True,ok
000000437351.jpg,attack_03,person,16.55,18.31,243.85000000000002,493.4,True,True,0.7230616807937622,0.8064643740653992,-0.08340269327163696,0.9010542848955287,0.8889515428788949,0.01210274201663386,False,6,6,person,person,586.8244000012055,594.4163000021945,True,True,ok
000000438876.jpg,attack_03,person,168.37,20.72,349.46000000000004,328.28,True,True,0.895782470703125,0.899134635925293,-0.0033521652221679688,0.9882431031774129,0.9862001151656815,0.002042988011731417,False,5,4,person,person,703.1749999950989,706.1324000023887,True,True,ok
000000439623.jpg,attack_03,car,73.68,148.63,402.90000000000003,323.77,False,True,,0.2681235671043396,,,0.8739197757019849,,False,10,12,,car,632.9206000009435,633.1566000008024,False,False,ok
000000441468.jpg,attack_03,car,98.62,137.32,157.8,183.26999999999998,True,True,0.6023384928703308,0.7471793293952942,-0.14484083652496338,0.9215536065822375,0.9174446933761914,0.004108913206046116,False,21,16,car,car,703.6764000004041,711.5301999947405,True,True,ok
000000442456.jpg,attack_03,car,209.05,69.54,618.9000000000001,246.78000000000003,True,True,0.3814867436885834,0.43599438667297363,-0.05450764298439026,0.9314329419568322,0.9172612719529122,0.014171670003920056,False,11,12,car,car,731.8777000036789,727.6512000025832,True,True,ok
000000447187.jpg,attack_03,person,58.51,108.08,228.62,467.81,True,True,0.8503908514976501,0.8632688522338867,-0.012878000736236572,0.8878055089245974,0.8857677413695539,0.0020377675550434793,False,10,9,person,person,628.7667999931728,633.7407000028179,True,True,ok
000000447611.jpg,attack_03,person,325.74,0.8,500.0,216.21,True,True,0.6031901836395264,0.6251449584960938,-0.021954774856567383,0.9160423979330073,0.9087479014338334,0.007294496499173908,False,8,9,person,person,700.8646000031149,706.6658999974607,True,True,ok
000000448410.jpg,attack_03,person,16.69,274.08,68.74,413.53,True,True,0.5451064705848694,0.5906201004981995,-0.04551362991333008,0.9208222785619847,0.8940134142160834,0.02680886434590135,False,35,35,person,person,687.7043999993475,683.7451999963378,True,True,ok
000000449312.jpg,attack_03,car,304.62,52.72,498.59000000000003,151.66,False,False,,,,,,,False,9,10,,,525.9007999993628,521.9110000034561,False,False,ok
000000449661.jpg,attack_03,person,368.0,64.5,447.5,154.5,True,True,0.6119849681854248,0.5674099922180176,0.04457497596740723,0.8703511000421777,0.7376469419893409,0.13270415805283686,False,5,6,person,person,344.103700001142,346.68909999891184,True,True,ok
000000450559.jpg,attack_03,person,71.68,34.13,303.79,360.11,True,True,0.8590118288993835,0.8713396191596985,-0.012327790260314941,0.9369787078056292,0.9285923897537922,0.008386318051836983,False,2,2,person,person,704.7911999979988,700.2694999973755,True,True,ok
000000453841.jpg,attack_03,car,200.67,161.93,402.34,327.51,True,True,0.7804094552993774,0.7829366326332092,-0.002527177333831787,0.9159369132000484,0.9170355222016542,-0.0010986090016057437,False,16,16,car,car,693.1258000040543,692.3275000008289,True,True,ok
000000454661.jpg,attack_03,car,247.4,185.64,639.58,359.74,True,True,0.7843701243400574,0.7414783239364624,0.04289180040359497,0.9719066123788602,0.9630625249973559,0.008844087381504329,False,16,13,car,car,700.2567000017734,707.611400001042,True,True,ok
000000455157.jpg,attack_03,person,159.13,158.14,332.87,504.14,True,True,0.4556146264076233,0.5592072606086731,-0.1035926342010498,0.858715325449037,0.8757254733437572,-0.017010147894720218,False,11,9,person,person,467.97150000202237,471.3791000031051,True,True,ok
000000455555.jpg,attack_03,person,123.6,102.58,454.83000000000004,475.84,True,True,0.8986287713050842,0.8977732062339783,0.000855565071105957,0.9288636692458992,0.9327208773549513,-0.0038572081090521015,False,2,2,person,person,554.9219000022276,553.8100999983726,True,True,ok
000000455624.jpg,attack_03,person,275.75,58.57,465.86,329.13,True,True,0.8766700029373169,0.8711404800415039,0.005529522895812988,0.9396450125601864,0.9446416209122714,-0.004996608352085041,False,20,20,person,person,696.0411000036402,700.6441999983508,True,True,ok
000000456015.jpg,attack_03,person,405.95,56.43,463.4,173.75,True,True,0.8723922371864319,0.8817794919013977,-0.00938725471496582,0.8739404792770112,0.8756943297897456,-0.0017538505127343562,False,11,11,person,person,699.751499996637,694.7069999951054,True,True,ok
000000456394.jpg,attack_03,car,90.96,0.13,204.76999999999998,20.59,True,True,0.4210493266582489,0.4552915394306183,-0.034242212772369385,0.9453509616819434,0.9276626146656057,0.017688347016337702,False,6,8,car,car,584.2532000024221,586.4673999967636,True,True,ok
000000458325.jpg,attack_03,car,0.0,165.97,189.95,332.35,True,True,0.6285303235054016,0.5679469108581543,0.060583412647247314,0.9307252043571282,0.9484064983618975,-0.017681294004769255,False,46,40,car,car,693.8539999973727,695.0078999943798,True,True,ok
000000458992.jpg,attack_03,person,1.43,2.39,458.17,412.34999999999997,True,True,0.8408151865005493,0.89571613073349,-0.054900944232940674,0.9327334115139644,0.9468551498827089,-0.01412173836874453,False,6,6,person,person,625.0503999981447,629.2406000065967,True,True,ok
000000459153.jpg,attack_03,person,109.97,180.77,391.03999999999996,531.64,True,True,0.8240181803703308,0.654751718044281,0.1692664623260498,0.9598279711688076,0.9454295301483633,0.014398441020444297,False,3,4,person,person,697.5414999978966,697.2615999984555,True,True,ok
000000459954.jpg,attack_03,person,242.19,148.88,274.11,291.9,True,True,0.5513168573379517,0.5769289135932922,-0.025612056255340576,0.9346026600466337,0.932769778334732,0.0018328817119017682,False,7,7,person,person,629.7637000025134,626.3104000026942,True,True,ok
000000462371.jpg,attack_03,person,210.86,18.92,416.32000000000005,396.49,True,True,0.2529463469982147,0.25329259037971497,-0.00034624338150024414,0.8044788203276666,0.755295895646231,0.04918292468143559,False,18,17,person,person,587.693000001309,590.0703000006615,True,True,ok
000000463522.jpg,attack_03,person,375.0,205.0,472.0,263.0,False,False,,,,,,,False,32,33,,,630.1837999999407,628.117200001725,False,False,ok
000000464824.jpg,attack_03,car,361.57,0.0,480.0,74.72,False,False,,,,,,,False,4,3,,,637.2237000032328,632.2956000003614,False,False,ok
000000466156.jpg,attack_03,car,0.0,18.75,500.0,348.59,False,False,,,,,,,False,9,10,,,637.0728999972926,631.2751000004937,False,False,ok
000000467511.jpg,attack_03,person,22.09,70.99,176.41,391.66,True,True,0.40011096000671387,0.4734068810939789,-0.07329592108726501,0.8956497096040769,0.6841073365444817,0.2115423730595951,False,6,5,person,person,738.0604999998468,720.2130000005127,True,True,ok
000000470924.jpg,attack_03,person,403.42,117.57,627.78,480.0,True,True,0.7528083324432373,0.7664467692375183,-0.013638436794281006,0.8862294473012744,0.8989033582398658,-0.012673910938591382,False,91,92,person,person,624.3443999992451,628.2140000039362,True,True,ok
000000474452.jpg,attack_03,car,1.0,175.0,359.0,217.0,False,False,,,,,,,False,20,22,,,627.9297000000952,631.7533000037656,False,False,ok
000000476704.jpg,attack_03,car,575.25,233.09,632.17,277.12,True,True,0.7706944942474365,0.7582458257675171,0.012448668479919434,0.758872535152382,0.7518100044669888,0.007062530685393198,False,22,21,car,car,692.8378000011435,700.2362999992329,True,True,ok
000000479126.jpg,attack_03,person,336.67,156.87,573.1,413.97,True,True,0.883167564868927,0.8724784255027771,0.010689139366149902,0.9381077769358898,0.9351504011433474,0.002957375792542405,False,9,9,person,person,703.4595000004629,701.6307000012603,True,True,ok
000000479248.jpg,attack_03,person,187.2,204.23,312.03,283.53,True,True,0.3341562747955322,0.4466991424560547,-0.11254286766052246,0.8985524911138935,0.9142736058405204,-0.01572111472662696,False,47,42,person,person,634.1393999973661,626.4565000019502,True,True,ok
000000480021.jpg,attack_03,car,302.11,97.7,451.86,160.03,True,True,0.6438897252082825,0.36178186535835266,0.2821078598499298,0.5568005965504228,0.8508239562587452,-0.2940233597083224,False,12,14,car,car,641.618900001049,635.9592000007979,True,True,ok
000000482275.jpg,attack_03,person,92.56,24.88,390.67,472.59,True,True,0.6646074056625366,0.4916382431983948,0.17296916246414185,0.9206483424324486,0.9018788396960034,0.018769502736445287,False,27,26,person,person,631.158800002595,634.1563000023598,True,True,ok
000000484404.jpg,attack_03,person,300.14,293.17,345.99,319.81,True,True,0.5349388718605042,0.42589038610458374,0.10904848575592041,0.7695499847980104,0.7305011385285403,0.03904884626947014,False,20,15,person,person,627.0284999991418,633.3761999994749,True,True,ok
000000485071.jpg,attack_03,person,251.99,177.46,385.01,273.78,True,False,0.7665920257568359,,,0.951172924592826,,,True,5,3,person,,701.765300000261,702.6391999970656,False,True,ok
000000485237.jpg,attack_03,car,0.25,140.81,41.21,159.17000000000002,True,True,0.3681563138961792,0.3972454071044922,-0.02908909320831299,0.8254398682932581,0.836743160428454,-0.011303292135195875,False,20,17,car,car,367.020900004718,371.74860000232,True,True,ok
000000490936.jpg,attack_03,car,376.74,81.29,451.85,168.08,True,True,0.4199872314929962,0.46926990151405334,-0.04928267002105713,0.724357882337108,0.8298862760791011,-0.10552839374199319,False,51,50,car,car,630.0477000040701,622.0224999997299,True,True,ok
000000491130.jpg,attack_03,person,100.67,115.06,415.64000000000004,477.48,True,True,0.8025564551353455,0.7520709037780762,0.05048555135726929,0.9176691668416609,0.9194137514068964,-0.0017445845652355185,False,4,5,person,person,677.347999997437,675.3784000029555,True,True,ok
000000491213.jpg,attack_03,car,60.27,81.36,303.5,243.87,True,True,0.4338226318359375,0.4931330382823944,-0.05931040644645691,0.9238240059454236,0.9241401810264889,-0.00031617508106529524,False,17,20,car,car,630.7368999987375,638.0452000012156,True,True,ok
000000491366.jpg,attack_03,person,0.0,56.88,178.18,375.0,True,True,0.8735156059265137,0.8904376029968262,-0.0169219970703125,0.8562594313192045,0.863324458909157,-0.007065027589952533,False,12,11,person,person,637.5170999963302,631.7276999980095,True,True,ok
000000493772.jpg,attack_03,person,284.76,285.96,336.53999999999996,441.28999999999996,True,True,0.9244113564491272,0.9368425607681274,-0.012431204319000244,0.8679106566661157,0.8638769707544787,0.004033685911636997,False,2,2,person,person,476.0256000008667,473.53149999980815,True,True,ok
000000494869.jpg,attack_03,person,181.21,88.17,361.56,435.78000000000003,True,True,0.8651137351989746,0.7792649269104004,0.08584880828857422,0.909103392859962,0.9052546052674698,0.0038487875924921866,False,15,15,person,person,700.1492999988841,699.0148999975645,True,True,ok
000000497599.jpg,attack_03,person,0.0,1.44,333.66,632.8100000000001,True,True,0.8358426690101624,0.8736504316329956,-0.03780776262283325,0.9928579902367467,0.9827542131395601,0.010103777097186573,False,8,7,person,person,703.1595000007655,696.7663000032189,True,True,ok
000000498286.jpg,attack_03,car,429.31,336.21,618.62,420.0,True,True,0.6565696001052856,0.7612926959991455,-0.10472309589385986,0.9456903824222495,0.9480150368911839,-0.002324654468934484,False,2,2,car,car,626.8788000015775,634.4279000040842,True,True,ok
000000501005.jpg,attack_03,person,130.37,57.55,303.90999999999997,310.56,True,True,0.9162494540214539,0.9190102815628052,-0.0027608275413513184,0.9730989866880427,0.9601226831581496,0.012976303529893096,False,5,5,person,person,747.7521999971941,745.1602000001003,True,True,ok
000000504415.jpg,attack_03,car,81.45,178.47,285.85,242.05,True,True,0.792902410030365,0.7923389077186584,0.000563502311706543,0.9504544901609434,0.9513712582640739,-0.0009167681031304609,False,10,10,car,car,695.4452999998466,696.9102000002749,True,True,ok
000000505942.jpg,attack_03,car,459.48,163.05,499.98,205.65,True,True,0.2635994255542755,0.3689710795879364,-0.10537165403366089,0.8137946797077014,0.8148335427585593,-0.0010388630508579855,False,10,10,car,car,626.5598999962094,627.243199996883,True,True,ok
000000506707.jpg,attack_03,car,175.55,153.31,274.72,271.24,True,False,0.33057308197021484,,,0.6089524573781088,,,True,20,21,car,,698.5223000010592,706.7639999950188,False,True,ok
000000507667.jpg,attack_03,car,211.89,11.36,357.53999999999996,63.32,True,True,0.4292331039905548,0.4287658631801605,0.0004672408103942871,0.8384298895573491,0.8312122182116969,0.00721767134565221,False,18,19,car,car,614.5092000006116,603.5707999981241,True,True,ok
000000507797.jpg,attack_03,car,197.92,177.71,230.44,206.78,True,True,0.600188136100769,0.5130466222763062,0.08714151382446289,0.7342628518695068,0.6815330424295387,0.05272980943996808,False,23,27,car,car,702.388300000166,704.465099996014,True,True,ok
000000507975.jpg,attack_03,car,23.62,199.88,602.42,387.79999999999995,False,False,,,,,,,False,18,14,,,629.4731000016327,634.467300005781,False,False,ok
000000509014.jpg,attack_03,person,85.0,133.0,586.0,200.0,False,False,,,,,,,False,43,43,,,598.3460000061314,590.2896999978111,False,False,ok
000000511999.jpg,attack_03,car,524.22,212.59,605.54,275.37,True,True,0.8654481172561646,0.8809942603111267,-0.015546143054962158,0.9268940386936287,0.9180695316802199,0.008824507013408867,False,7,8,car,car,669.4000000061351,670.9596000000602,True,True,ok
000000512564.jpg,attack_03,car,123.13,286.01,160.54,319.59,True,True,0.6714361906051636,0.6639736890792847,0.007462501525878906,0.8959193976361488,0.8996423132346923,-0.0037229155985435414,False,24,23,car,car,709.8183000052813,712.7482000068994,True,True,ok
000000512836.jpg,attack_03,person,140.25,150.46,288.56,526.08,True,True,0.7369734644889832,0.7383500933647156,-0.0013766288757324219,0.9431489524155922,0.9519472445447077,-0.008798292129115537,False,8,7,person,person,624.2354999994859,627.9980999970576,True,True,ok
000000512985.jpg,attack_03,person,433.62,124.04,499.42,340.85,True,True,0.9069857597351074,0.901250422000885,0.005735337734222412,0.8271370511073777,0.8293111511884252,-0.0021741000810475697,False,3,3,person,person,628.2732000036049,622.4031999954605,True,True,ok
000000513041.jpg,attack_03,person,4.3,0.72,383.14,255.78,True,True,0.7369837164878845,0.6405418515205383,0.09644186496734619,0.9332899398375821,0.9195272034774581,0.01376273636012404,False,11,13,person,person,630.8237999983248,629.5046000013826,True,True,ok
000000514586.jpg,attack_03,car,276.14,120.4,312.59999999999997,152.67000000000002,True,True,0.5188072323799133,0.2766793966293335,0.24212783575057983,0.8343643531937036,0.8370587970268004,-0.0026944438330968046,False,12,10,car,car,660.1454000046942,655.2302000054624,True,True,ok
000000515982.jpg,attack_03,person,341.18,2.0,591.83,415.61,True,True,0.8517733216285706,0.8624706864356995,-0.010697364807128906,0.9496319436799687,0.9510373607564231,-0.0014054170764543628,False,5,5,person,person,699.875799997244,702.8580000041984,True,True,ok
000000521052.jpg,attack_03,car,11.93,262.72,77.68,341.17,True,True,0.6851585507392883,0.7783101201057434,-0.09315156936645508,0.9371174014736164,0.923170616956552,0.013946784517064437,False,8,6,car,car,629.4164999999339,626.039300004777,True,True,ok
000000521141.jpg,attack_03,car,304.59,241.5,374.90999999999997,273.43,True,True,0.8322687149047852,0.8287586569786072,0.0035100579261779785,0.9762530670156394,0.9721655170775885,0.004087549938050938,False,29,29,car,car,628.1746000022395,630.4855999987922,True,True,ok
000000521819.jpg,attack_03,car,559.38,361.23,601.52,387.87,True,True,0.5534335374832153,0.5333454608917236,0.0200880765914917,0.9021105205633827,0.9184920453005356,-0.01638152473715293,False,15,15,car,car,626.6758000056143,630.5820000052336,True,True,ok
000000526728.jpg,attack_03,car,389.14,171.16,452.19,198.66,True,True,0.6815128922462463,0.6836565732955933,-0.002143681049346924,0.9134911239757078,0.8599623693612797,0.053528754614428076,False,21,22,car,car,634.2220999940764,627.5548999983585,True,True,ok
000000527220.jpg,attack_03,car,3.0,3.5,166.0,158.0,True,True,0.5929968953132629,0.5421984195709229,0.05079847574234009,0.96994658338688,0.9697029642957264,0.0002436190911535574,False,6,4,car,car,456.0752000033972,460.56900000257883,True,True,ok
000000533145.jpg,attack_03,person,0.0,0.42,194.26,290.96000000000004,True,False,0.3742770254611969,,,0.5189468942084066,,,True,5,4,person,,637.7766000005067,626.7168000049423,False,True,ok
000000534270.jpg,attack_03,person,137.18,135.29,239.36,411.53999999999996,True,True,0.9094502329826355,0.9168316721916199,-0.007381439208984375,0.8981119201819605,0.8993311933122381,-0.0012192731302775872,False,10,9,person,person,582.7204999950482,591.691699999501,True,True,ok
000000537506.jpg,attack_03,car,105.02,49.32,332.42,173.52,True,True,0.4984605312347412,0.30060309171676636,0.19785743951797485,0.719929774330749,0.743138264659947,-0.023208490329198028,False,21,25,car,car,699.2341000004672,697.0848999990267,True,True,ok
000000540414.jpg,attack_03,person,48.0,186.0,612.0,388.0,False,False,,,,,,,False,51,49,,,637.0078000036301,627.1626000016113,False,False,ok
000000545007.jpg,attack_03,person,151.49,31.27,279.56,265.93,True,True,0.4992344081401825,0.48059141635894775,0.01864299178123474,0.9221844118367323,0.9275977564942173,-0.0054133446574849975,False,3,4,person,person,710.5191999944509,707.1175999953994,True,True,ok
000000547336.jpg,attack_03,person,99.83,25.11,471.10999999999996,438.43,True,True,0.8345641493797302,0.8685287237167358,-0.033964574337005615,0.9622741555295158,0.9714052607090133,-0.009131105179497556,False,5,4,person,person,628.8715999980923,627.0736000005854,True,True,ok
000000549390.jpg,attack_03,person,187.91,87.94,397.53999999999996,382.06,True,True,0.9023837447166443,0.8785779476165771,0.02380579710006714,0.8035590085471926,0.8162520590985027,-0.012693050551310092,False,29,32,person,person,703.2239999971353,703.1969000017853,True,True,ok
000000550691.jpg,attack_03,car,116.23,285.85,201.26,356.88,True,True,0.8399145007133484,0.8248623609542847,0.01505213975906372,0.9032869943398976,0.8997574655162129,0.0035295288236846245,False,10,9,car,car,629.3326000013622,627.3778000031598,True,True,ok
000000555050.jpg,attack_03,car,0.72,177.28,235.17,269.18,True,True,0.837284505367279,0.8510199785232544,-0.013735473155975342,0.962494082428081,0.9569460938690462,0.005547988559034822,False,25,26,car,car,722.8359000000637,721.1690000040107,True,True,ok
000000558854.jpg,attack_03,person,105.34,1.74,365.73,44.72,True,True,0.5886748433113098,0.2813704013824463,0.3073044419288635,0.7580255849102496,0.7966253291835674,-0.038599744273317804,False,12,14,person,person,624.7699000014109,629.7451999998884,True,True,ok
000000564336.jpg,attack_03,car,274.97,155.94,415.71000000000004,218.55,False,False,,,,,,,False,23,27,,,730.9829000005266,723.5259999943082,False,False,ok
000000565045.jpg,attack_03,person,259.42,356.67,333.0,498.5,True,True,0.6430588960647583,0.4626011848449707,0.1804577112197876,0.940136721638812,0.8918819549490483,0.048254766689763695,False,3,3,person,person,705.094500000996,713.7158000041381,True,True,ok
000000566282.jpg,attack_03,car,291.07,167.89,495.11,239.88,True,True,0.4324718117713928,0.41915184259414673,0.013319969177246094,0.912604804396538,0.9050333030198936,0.007571501376644418,False,16,16,car,car,697.7803999980097,710.3107999937492,True,True,ok
000000567197.jpg,attack_03,car,71.94,297.72,116.12,333.07000000000005,False,False,,,,,,,False,18,17,,,578.1943999973009,578.8828999939142,False,False,ok
000000567640.jpg,attack_03,person,287.47,43.93,488.99,371.52,True,True,0.8843958377838135,0.8933666944503784,-0.008970856666564941,0.9654985876798106,0.9591123567307169,0.00638623094909363,False,17,16,person,person,707.7787000016542,706.6917999982252,True,True,ok
000000571598.jpg,attack_03,person,175.82,94.92,463.71999999999997,480.0,True,True,0.890532910823822,0.8850212693214417,0.005511641502380371,0.9578910163591738,0.958506977964446,-0.0006159616052721084,False,18,18,person,person,625.7755999977235,629.6328000025824,True,True,ok
000000577932.jpg,attack_03,car,495.12,245.3,639.9200000000001,536.0699999999999,True,True,0.8001101016998291,0.8159936666488647,-0.015883564949035645,0.9116051416337858,0.9139010539907454,-0.002295912356959584,False,32,31,car,car,555.8737999963341,554.9014999996871,True,True,ok
