attack_id,image_id,filename,target_class,clean_detected,attacked_detected,clean_confidence,attacked_confidence,confidence_drop,confidence_drop_percent,clean_iou,attacked_iou,iou_drop,clean_total_detections,attacked_total_detections,detection_count_change,eligible_for_asr,attack_success,patch_filename,patch_size_pixels,patch_scale
attack_03,1532,000000001532.jpg,car,Yes,Yes,0.829359,0.878546,-0.049187,-5.930725,0.940733,0.945035,-0.004302,9,8,-1,Yes,No,diffusion_patch_03.png,35,0.3
attack_03,9400,000000009400.jpg,person,Yes,Yes,0.657593,0.474670,0.182923,27.817054,0.970856,0.949773,0.021082,25,26,1,Yes,No,diffusion_patch_03.png,58,0.3
attack_03,9769,000000009769.jpg,person,Yes,Yes,0.292795,0.543743,-0.250948,-85.707748,0.904952,0.908420,-0.003468,5,4,-1,Yes,No,diffusion_patch_03.png,13,0.3
attack_03,9891,000000009891.jpg,car,Yes,Yes,0.723297,0.661728,0.061569,8.512271,0.812363,0.793664,0.018700,11,12,1,Yes,No,diffusion_patch_03.png,66,0.3
attack_03,13659,000000013659.jpg,person,Yes,Yes,0.914402,0.915857,-0.001455,-0.159120,0.969751,0.971018,-0.001268,26,27,1,Yes,No,diffusion_patch_03.png,68,0.3
attack_03,14226,000000014226.jpg,person,Yes,Yes,0.807096,0.836538,-0.029442,-3.647893,0.963715,0.944520,0.019196,6,4,-2,Yes,No,diffusion_patch_03.png,100,0.3
attack_03,17178,000000017178.jpg,car,Yes,Yes,0.797330,0.877409,-0.080079,-10.043395,0.969868,0.967989,0.001880,5,6,1,Yes,No,diffusion_patch_03.png,62,0.3
attack_03,23126,000000023126.jpg,person,Yes,Yes,0.813080,0.797682,0.015398,1.893787,0.897409,0.901268,-0.003858,2,3,1,Yes,No,diffusion_patch_03.png,34,0.3
attack_03,27696,000000027696.jpg,person,Yes,Yes,0.712618,0.689460,0.023158,3.249707,0.624814,0.643757,-0.018943,4,4,0,Yes,No,diffusion_patch_03.png,21,0.3
attack_03,27768,000000027768.jpg,car,Yes,Yes,0.630490,0.553824,0.076666,12.159749,0.903473,0.894928,0.008545,6,6,0,Yes,No,diffusion_patch_03.png,11,0.3
attack_03,29984,000000029984.jpg,person,Yes,Yes,0.891419,0.882616,0.008803,0.987527,0.813344,0.812642,0.000702,8,8,0,Yes,No,diffusion_patch_03.png,14,0.3
attack_03,32570,000000032570.jpg,person,Yes,Yes,0.908782,0.878029,0.030753,3.383980,0.967417,0.968762,-0.001344,2,3,1,Yes,No,diffusion_patch_03.png,39,0.3
attack_03,32887,000000032887.jpg,person,Yes,Yes,0.872095,0.884935,-0.012840,-1.472317,0.888957,0.888158,0.000799,6,7,1,Yes,No,diffusion_patch_03.png,38,0.3
attack_03,33854,000000033854.jpg,car,Yes,Yes,0.847102,0.327752,0.519350,61.309028,0.963081,0.731353,0.231728,15,16,1,Yes,No,diffusion_patch_03.png,61,0.3
attack_03,34139,000000034139.jpg,person,Yes,Yes,0.883549,0.881353,0.002196,0.248543,0.617652,0.612001,0.005651,4,6,2,Yes,No,diffusion_patch_03.png,43,0.3
attack_03,39484,000000039484.jpg,car,Yes,Yes,0.904786,0.904382,0.000404,0.044651,0.971230,0.967165,0.004065,20,23,3,Yes,No,diffusion_patch_03.png,21,0.3
attack_03,40083,000000040083.jpg,car,Yes,Yes,0.958043,0.940573,0.017470,1.823509,0.964779,0.964188,0.000590,10,10,0,Yes,No,diffusion_patch_03.png,22,0.3
attack_03,41633,000000041633.jpg,car,Yes,Yes,0.581611,0.571246,0.010365,1.782119,0.787992,0.767885,0.020106,3,3,0,Yes,No,diffusion_patch_03.png,13,0.3
attack_03,43737,000000043737.jpg,car,Yes,No,0.352254,0.000000,0.352254,100.000000,0.805343,0.000000,0.805343,5,4,-1,Yes,Yes,diffusion_patch_03.png,11,0.3
attack_03,46872,000000046872.jpg,car,Yes,Yes,0.504439,0.431887,0.072552,14.382710,0.880958,0.842149,0.038809,7,6,-1,Yes,No,diffusion_patch_03.png,7,0.3
attack_03,49259,000000049259.jpg,person,Yes,Yes,0.808628,0.648883,0.159745,19.755067,0.912101,0.907328,0.004773,1,3,2,Yes,No,diffusion_patch_03.png,24,0.3
attack_03,49759,000000049759.jpg,person,Yes,Yes,0.923407,0.922189,0.001218,0.131903,0.970997,0.960813,0.010184,20,20,0,Yes,No,diffusion_patch_03.png,35,0.3
attack_03,50679,000000050679.jpg,car,No,No,0.000000,0.000000,0.000000,,0.000000,0.000000,0.000000,11,11,0,No,No,diffusion_patch_03.png,17,0.3
attack_03,54593,000000054593.jpg,car,Yes,Yes,0.832925,0.798165,0.034760,4.173245,0.984586,0.968916,0.015671,10,9,-1,Yes,No,diffusion_patch_03.png,32,0.3
attack_03,54967,000000054967.jpg,car,No,No,0.000000,0.000000,0.000000,,0.000000,0.000000,0.000000,21,19,-2,No,No,diffusion_patch_03.png,16,0.3
attack_03,55150,000000055150.jpg,car,Yes,Yes,0.682534,0.514264,0.168270,24.653717,0.632187,0.803881,-0.171694,16,15,-1,Yes,No,diffusion_patch_03.png,61,0.3
attack_03,57672,000000057672.jpg,person,No,No,0.000000,0.000000,0.000000,,0.000000,0.000000,0.000000,20,21,1,No,No,diffusion_patch_03.png,20,0.3
attack_03,59598,000000059598.jpg,person,Yes,Yes,0.261579,0.307511,-0.045932,-17.559514,0.954480,0.867332,0.087148,17,16,-1,Yes,No,diffusion_patch_03.png,16,0.3
attack_03,60823,000000060823.jpg,person,Yes,Yes,0.793422,0.814177,-0.020755,-2.615884,0.885264,0.852183,0.033081,22,23,1,Yes,No,diffusion_patch_03.png,30,0.3
attack_03,62353,000000062353.jpg,person,No,Yes,0.000000,0.638062,-0.638062,,0.000000,0.543054,-0.543054,12,11,-1,No,No,diffusion_patch_03.png,12,0.3
attack_03,64084,000000064084.jpg,person,No,No,0.000000,0.000000,0.000000,,0.000000,0.000000,0.000000,10,10,0,No,No,diffusion_patch_03.png,17,0.3
attack_03,65455,000000065455.jpg,person,No,No,0.000000,0.000000,0.000000,,0.000000,0.000000,0.000000,10,8,-2,No,No,diffusion_patch_03.png,56,0.3
attack_03,67406,000000067406.jpg,person,Yes,Yes,0.842534,0.832909,0.009625,1.142387,0.961134,0.956664,0.004470,4,4,0,Yes,No,diffusion_patch_03.png,8,0.3
attack_03,68093,000000068093.jpg,car,No,Yes,0.000000,0.318417,-0.318417,,0.000000,0.646987,-0.646987,6,7,1,No,No,diffusion_patch_03.png,33,0.3
attack_03,68409,000000068409.jpg,person,Yes,Yes,0.789354,0.770119,0.019235,2.436803,0.940026,0.903182,0.036844,8,9,1,Yes,No,diffusion_patch_03.png,49,0.3
attack_03,70739,000000070739.jpg,person,No,Yes,0.000000,0.390546,-0.390546,,0.000000,0.895903,-0.895903,6,9,3,No,No,diffusion_patch_03.png,142,0.3
attack_03,71938,000000071938.jpg,person,Yes,Yes,0.837266,0.756991,0.080275,9.587753,0.924355,0.922999,0.001356,3,3,0,Yes,No,diffusion_patch_03.png,144,0.3
attack_03,72281,000000072281.jpg,person,Yes,Yes,0.846951,0.843047,0.003904,0.460948,0.914229,0.949794,-0.035564,3,2,-1,Yes,No,diffusion_patch_03.png,78,0.3
attack_03,76417,000000076417.jpg,car,No,No,0.000000,0.000000,0.000000,,0.000000,0.000000,0.000000,3,3,0,No,No,diffusion_patch_03.png,95,0.3
attack_03,85376,000000085376.jpg,car,Yes,Yes,0.818038,0.875045,-0.057007,-6.968747,0.849628,0.867448,-0.017821,13,13,0,Yes,No,diffusion_patch_03.png,16,0.3
attack_03,86220,000000086220.jpg,car,Yes,Yes,0.917447,0.913853,0.003594,0.391739,0.952201,0.954447,-0.002246,3,4,1,Yes,No,diffusion_patch_03.png,38,0.3
attack_03,93154,000000093154.jpg,car,Yes,Yes,0.808055,0.769184,0.038871,4.810440,0.924112,0.933327,-0.009214,14,15,1,Yes,No,diffusion_patch_03.png,11,0.3
attack_03,94751,000000094751.jpg,car,Yes,Yes,0.767937,0.793454,-0.025517,-3.322799,0.928333,0.934560,-0.006227,6,5,-1,Yes,No,diffusion_patch_03.png,11,0.3
attack_03,97679,000000097679.jpg,car,Yes,Yes,0.921658,0.948659,-0.027001,-2.929612,0.864727,0.866098,-0.001371,4,4,0,Yes,No,diffusion_patch_03.png,65,0.3
attack_03,98392,000000098392.jpg,car,Yes,Yes,0.883918,0.880098,0.003820,0.432167,0.953968,0.946576,0.007393,12,9,-3,Yes,No,diffusion_patch_03.png,37,0.3
attack_03,102411,000000102411.jpg,car,Yes,Yes,0.334507,0.600388,-0.265881,-79.484435,0.877561,0.885447,-0.007885,14,14,0,Yes,No,diffusion_patch_03.png,11,0.3
attack_03,102805,000000102805.jpg,car,Yes,Yes,0.908946,0.919966,-0.011020,-1.212393,0.971109,0.977171,-0.006061,7,7,0,Yes,No,diffusion_patch_03.png,21,0.3
attack_03,105264,000000105264.jpg,person,Yes,Yes,0.846646,0.792952,0.053694,6.341966,0.527673,0.961951,-0.434277,8,9,1,Yes,No,diffusion_patch_03.png,29,0.3
attack_03,107226,000000107226.jpg,person,Yes,Yes,0.834615,0.839055,-0.004440,-0.531982,0.833558,0.835771,-0.002213,17,15,-2,Yes,No,diffusion_patch_03.png,40,0.3
attack_03,109900,000000109900.jpg,person,Yes,Yes,0.834189,0.829507,0.004682,0.561264,0.905974,0.909773,-0.003799,11,10,-1,Yes,No,diffusion_patch_03.png,19,0.3
attack_03,111036,000000111036.jpg,car,Yes,Yes,0.888769,0.769472,0.119297,13.422723,0.956434,0.954896,0.001538,2,2,0,Yes,No,diffusion_patch_03.png,42,0.3
attack_03,113720,000000113720.jpg,person,Yes,Yes,0.763719,0.793905,-0.030186,-3.952501,0.954529,0.937338,0.017191,21,21,0,Yes,No,diffusion_patch_03.png,68,0.3
attack_03,119365,000000119365.jpg,person,Yes,Yes,0.709517,0.721904,-0.012387,-1.745836,0.906629,0.855466,0.051163,5,4,-1,Yes,No,diffusion_patch_03.png,98,0.3
attack_03,121242,000000121242.jpg,car,No,No,0.000000,0.000000,0.000000,,0.000000,0.000000,0.000000,10,12,2,No,No,diffusion_patch_03.png,22,0.3
attack_03,121497,000000121497.jpg,person,Yes,Yes,0.663347,0.670677,-0.007330,-1.105002,0.992280,0.989696,0.002584,5,4,-1,Yes,No,diffusion_patch_03.png,76,0.3
attack_03,121506,000000121506.jpg,car,Yes,No,0.491583,0.000000,0.491583,100.000000,0.620583,0.000000,0.620583,8,7,-1,Yes,Yes,diffusion_patch_03.png,13,0.3
attack_03,122166,000000122166.jpg,car,Yes,Yes,0.750657,0.849321,-0.098664,-13.143686,0.965286,0.966632,-0.001345,13,15,2,Yes,No,diffusion_patch_03.png,46,0.3
attack_03,124442,000000124442.jpg,person,Yes,Yes,0.898474,0.916578,-0.018104,-2.014972,0.958723,0.942778,0.015944,3,4,1,Yes,No,diffusion_patch_03.png,27,0.3
attack_03,124798,000000124798.jpg,car,Yes,Yes,0.901325,0.907239,-0.005914,-0.656145,0.937069,0.936479,0.000590,11,11,0,Yes,No,diffusion_patch_03.png,20,0.3
attack_03,125778,000000125778.jpg,car,No,No,0.000000,0.000000,0.000000,,0.000000,0.000000,0.000000,6,7,1,No,No,diffusion_patch_03.png,24,0.3
attack_03,127092,000000127092.jpg,car,Yes,Yes,0.869893,0.852428,0.017465,2.007718,0.935587,0.912266,0.023321,7,7,0,Yes,No,diffusion_patch_03.png,15,0.3
attack_03,127394,000000127394.jpg,person,Yes,Yes,0.747891,0.831110,-0.083219,-11.127156,0.969183,0.948173,0.021010,26,25,-1,Yes,No,diffusion_patch_03.png,28,0.3
attack_03,130386,000000130386.jpg,car,Yes,Yes,0.759531,0.740076,0.019455,2.561449,0.914490,0.922146,-0.007656,7,5,-2,Yes,No,diffusion_patch_03.png,9,0.3
attack_03,133244,000000133244.jpg,person,No,No,0.000000,0.000000,0.000000,,0.000000,0.000000,0.000000,19,18,-1,No,No,diffusion_patch_03.png,35,0.3
attack_03,134886,000000134886.jpg,car,Yes,Yes,0.511704,0.556785,-0.045081,-8.809976,0.944715,0.919885,0.024830,5,5,0,Yes,No,diffusion_patch_03.png,18,0.3
attack_03,137246,000000137246.jpg,person,Yes,Yes,0.922725,0.925866,-0.003141,-0.340405,0.973040,0.971649,0.001391,9,12,3,Yes,No,diffusion_patch_03.png,57,0.3
attack_03,138979,000000138979.jpg,car,Yes,Yes,0.944402,0.893143,0.051259,5.427667,0.943422,0.945154,-0.001732,6,6,0,Yes,No,diffusion_patch_03.png,74,0.3
attack_03,140987,000000140987.jpg,person,Yes,Yes,0.902580,0.904388,-0.001808,-0.200315,0.958506,0.952310,0.006195,13,13,0,Yes,No,diffusion_patch_03.png,89,0.3
attack_03,143068,000000143068.jpg,person,No,No,0.000000,0.000000,0.000000,,0.000000,0.000000,0.000000,8,11,3,No,No,diffusion_patch_03.png,15,0.3
attack_03,144333,000000144333.jpg,car,Yes,Yes,0.635287,0.724585,-0.089298,-14.056324,0.820172,0.950098,-0.129926,6,6,0,Yes,No,diffusion_patch_03.png,42,0.3
attack_03,147338,000000147338.jpg,car,No,Yes,0.000000,0.543948,-0.543948,,0.000000,0.543389,-0.543389,6,7,1,No,No,diffusion_patch_03.png,40,0.3
attack_03,147740,000000147740.jpg,car,Yes,Yes,0.766373,0.656867,0.109506,14.288865,0.961217,0.955807,0.005410,11,11,0,Yes,No,diffusion_patch_03.png,55,0.3
attack_03,151962,000000151962.jpg,person,No,No,0.000000,0.000000,0.000000,,0.000000,0.000000,0.000000,2,2,0,No,No,diffusion_patch_03.png,11,0.3
attack_03,155341,000000155341.jpg,car,Yes,Yes,0.826719,0.866372,-0.039653,-4.796430,0.981171,0.975459,0.005712,9,10,1,Yes,No,diffusion_patch_03.png,39,0.3
attack_03,157767,000000157767.jpg,person,Yes,Yes,0.918852,0.917078,0.001774,0.193067,0.957831,0.955632,0.002199,19,19,0,Yes,No,diffusion_patch_03.png,35,0.3
attack_03,157928,000000157928.jpg,car,Yes,Yes,0.790102,0.774133,0.015969,2.021131,0.940968,0.947950,-0.006981,6,6,0,Yes,No,diffusion_patch_03.png,33,0.3
attack_03,158744,000000158744.jpg,car,Yes,Yes,0.763617,0.717985,0.045632,5.975771,0.847321,0.863124,-0.015803,6,6,0,Yes,No,diffusion_patch_03.png,9,0.3
attack_03,159791,000000159791.jpg,person,No,No,0.000000,0.000000,0.000000,,0.000000,0.000000,0.000000,6,6,0,No,No,diffusion_patch_03.png,8,0.3
attack_03,160012,000000160012.jpg,car,Yes,Yes,0.748197,0.572225,0.175972,23.519474,0.830353,0.578348,0.252005,6,5,-1,Yes,No,diffusion_patch_03.png,20,0.3
attack_03,162415,000000162415.jpg,person,Yes,Yes,0.877580,0.908643,-0.031063,-3.539620,0.950112,0.967064,-0.016952,3,2,-1,Yes,No,diffusion_patch_03.png,135,0.3
attack_03,167122,000000167122.jpg,car,No,No,0.000000,0.000000,0.000000,,0.000000,0.000000,0.000000,0,0,0,No,No,diffusion_patch_03.png,79,0.3
attack_03,169169,000000169169.jpg,car,Yes,Yes,0.607288,0.645678,-0.038390,-6.321548,0.540459,0.525468,0.014991,14,15,1,Yes,No,diffusion_patch_03.png,13,0.3
attack_03,170099,000000170099.jpg,person,Yes,Yes,0.946047,0.947109,-0.001062,-0.112257,0.972968,0.986159,-0.013192,3,4,1,Yes,No,diffusion_patch_03.png,105,0.3
attack_03,171788,000000171788.jpg,person,Yes,Yes,0.928828,0.905942,0.022886,2.463965,0.964060,0.975104,-0.011044,3,4,1,Yes,No,diffusion_patch_03.png,109,0.3
attack_03,173302,000000173302.jpg,person,Yes,Yes,0.797235,0.800424,-0.003189,-0.400008,0.886890,0.913003,-0.026113,15,14,-1,Yes,No,diffusion_patch_03.png,14,0.3
attack_03,176606,000000176606.jpg,car,Yes,Yes,0.589564,0.700949,-0.111385,-18.892775,0.959317,0.962962,-0.003646,2,3,1,Yes,No,diffusion_patch_03.png,16,0.3
attack_03,177934,000000177934.jpg,car,Yes,Yes,0.739856,0.717755,0.022101,2.987203,0.865194,0.842581,0.022614,19,20,1,Yes,No,diffusion_patch_03.png,22,0.3
attack_03,179141,000000179141.jpg,person,Yes,Yes,0.616235,0.474154,0.142081,23.056302,0.614023,0.609035,0.004988,7,7,0,Yes,No,diffusion_patch_03.png,86,0.3
attack_03,179174,000000179174.jpg,person,Yes,Yes,0.777489,0.725278,0.052211,6.715336,0.975399,0.947661,0.027738,30,33,3,Yes,No,diffusion_patch_03.png,8,0.3
attack_03,183709,000000183709.jpg,person,Yes,Yes,0.924761,0.910577,0.014184,1.533802,0.969631,0.972152,-0.002521,21,21,0,Yes,No,diffusion_patch_03.png,72,0.3
attack_03,184324,000000184324.jpg,car,Yes,Yes,0.639792,0.720258,-0.080466,-12.576900,0.887244,0.936530,-0.049286,35,37,2,Yes,No,diffusion_patch_03.png,10,0.3
attack_03,184611,000000184611.jpg,person,No,No,0.000000,0.000000,0.000000,,0.000000,0.000000,0.000000,22,21,-1,No,No,diffusion_patch_03.png,97,0.3
attack_03,188296,000000188296.jpg,car,Yes,Yes,0.524643,0.307728,0.216915,41.345258,0.935029,0.880544,0.054486,8,9,1,Yes,No,diffusion_patch_03.png,30,0.3
attack_03,190923,000000190923.jpg,person,No,No,0.000000,0.000000,0.000000,,0.000000,0.000000,0.000000,10,10,0,No,No,diffusion_patch_03.png,21,0.3
attack_03,191288,000000191288.jpg,person,Yes,Yes,0.870933,0.869762,0.001171,0.134454,0.956573,0.988845,-0.032272,2,2,0,Yes,No,diffusion_patch_03.png,40,0.3
attack_03,192716,000000192716.jpg,car,Yes,Yes,0.900262,0.884650,0.015612,1.734162,0.966908,0.969154,-0.002246,4,4,0,Yes,No,diffusion_patch_03.png,13,0.3
attack_03,196141,000000196141.jpg,car,No,No,0.000000,0.000000,0.000000,,0.000000,0.000000,0.000000,11,9,-2,No,No,diffusion_patch_03.png,19,0.3
attack_03,196759,000000196759.jpg,car,Yes,Yes,0.649726,0.615925,0.033801,5.202347,0.887907,0.854996,0.032911,5,5,0,Yes,No,diffusion_patch_03.png,8,0.3
attack_03,197658,000000197658.jpg,person,Yes,Yes,0.893958,0.891978,0.001980,0.221487,0.953946,0.953399,0.000546,2,2,0,Yes,No,diffusion_patch_03.png,115,0.3
attack_03,199236,000000199236.jpg,person,No,No,0.000000,0.000000,0.000000,,0.000000,0.000000,0.000000,19,18,-1,No,No,diffusion_patch_03.png,16,0.3
attack_03,200421,000000200421.jpg,person,Yes,Yes,0.847426,0.783970,0.063456,7.488087,0.940567,0.949736,-0.009169,4,3,-1,Yes,No,diffusion_patch_03.png,105,0.3
attack_03,201934,000000201934.jpg,car,Yes,Yes,0.357349,0.663304,-0.305955,-85.617981,0.673304,0.613881,0.059423,11,11,0,Yes,No,diffusion_patch_03.png,10,0.3
attack_03,206579,000000206579.jpg,person,Yes,Yes,0.600293,0.545655,0.054638,9.101889,0.965896,0.962599,0.003296,6,5,-1,Yes,No,diffusion_patch_03.png,130,0.3
attack_03,210273,000000210273.jpg,car,No,No,0.000000,0.000000,0.000000,,0.000000,0.000000,0.000000,31,30,-1,No,No,diffusion_patch_03.png,78,0.3
attack_03,212573,000000212573.jpg,car,Yes,Yes,0.913590,0.928938,-0.015348,-1.679966,0.979952,0.973837,0.006116,9,8,-1,Yes,No,diffusion_patch_03.png,41,0.3
attack_03,213547,000000213547.jpg,person,Yes,Yes,0.870696,0.812107,0.058589,6.728985,0.951647,0.910062,0.041585,6,6,0,Yes,No,diffusion_patch_03.png,69,0.3
attack_03,213593,000000213593.jpg,car,Yes,Yes,0.755443,0.614917,0.140526,18.601801,0.919355,0.918261,0.001094,12,13,1,Yes,No,diffusion_patch_03.png,15,0.3
attack_03,213605,000000213605.jpg,car,Yes,Yes,0.902144,0.904810,-0.002666,-0.295518,0.968928,0.966217,0.002712,4,4,0,Yes,No,diffusion_patch_03.png,36,0.3
attack_03,214200,000000214200.jpg,car,Yes,Yes,0.941921,0.947333,-0.005412,-0.574570,0.946935,0.946630,0.000306,4,4,0,Yes,No,diffusion_patch_03.png,42,0.3
attack_03,215723,000000215723.jpg,person,Yes,Yes,0.841387,0.822862,0.018525,2.201722,0.958683,0.962423,-0.003740,5,7,2,Yes,No,diffusion_patch_03.png,36,0.3
attack_03,222094,000000222094.jpg,car,No,Yes,0.000000,0.260750,-0.260750,,0.000000,0.564562,-0.564562,10,12,2,No,No,diffusion_patch_03.png,8,0.3
attack_03,223747,000000223747.jpg,person,No,No,0.000000,0.000000,0.000000,,0.000000,0.000000,0.000000,1,1,0,No,No,diffusion_patch_03.png,56,0.3
attack_03,224222,000000224222.jpg,person,Yes,Yes,0.895898,0.885137,0.010761,1.201141,0.938921,0.940602,-0.001681,4,4,0,Yes,No,diffusion_patch_03.png,20,0.3
attack_03,226662,000000226662.jpg,person,Yes,Yes,0.488852,0.288978,0.199874,40.886403,0.883525,0.815028,0.068497,4,5,1,Yes,No,diffusion_patch_03.png,24,0.3
attack_03,227898,000000227898.jpg,car,Yes,Yes,0.288203,0.367598,-0.079395,-27.548291,0.951336,0.954273,-0.002937,6,7,1,Yes,No,diffusion_patch_03.png,19,0.3
attack_03,229358,000000229358.jpg,person,Yes,Yes,0.441389,0.549579,-0.108190,-24.511259,0.963904,0.968501,-0.004597,7,7,0,Yes,No,diffusion_patch_03.png,53,0.3
attack_03,230008,000000230008.jpg,car,Yes,Yes,0.433104,0.584061,-0.150957,-34.854677,0.953168,0.954926,-0.001758,5,4,-1,Yes,No,diffusion_patch_03.png,62,0.3
attack_03,236845,000000236845.jpg,car,Yes,Yes,0.805102,0.763603,0.041499,5.154502,0.885944,0.840303,0.045641,2,2,0,Yes,No,diffusion_patch_03.png,13,0.3
attack_03,242678,000000242678.jpg,person,Yes,Yes,0.533638,0.415424,0.118214,22.152470,0.722192,0.721307,0.000885,2,4,2,Yes,No,diffusion_patch_03.png,19,0.3
attack_03,245026,000000245026.jpg,person,Yes,Yes,0.921224,0.940293,-0.019069,-2.069963,0.958618,0.957940,0.000678,10,10,0,Yes,No,diffusion_patch_03.png,74,0.3
attack_03,245320,000000245320.jpg,car,No,No,0.000000,0.000000,0.000000,,0.000000,0.000000,0.000000,2,2,0,No,No,diffusion_patch_03.png,17,0.3
attack_03,253742,000000253742.jpg,person,Yes,Yes,0.918147,0.913349,0.004798,0.522574,0.953808,0.958902,-0.005094,32,35,3,Yes,No,diffusion_patch_03.png,41,0.3
attack_03,254516,000000254516.jpg,person,Yes,Yes,0.907391,0.898112,0.009279,1.022602,0.978162,0.969822,0.008339,10,12,2,Yes,No,diffusion_patch_03.png,57,0.3
attack_03,257370,000000257370.jpg,person,Yes,Yes,0.942374,0.935655,0.006719,0.712987,0.958223,0.958311,-0.000087,7,7,0,Yes,No,diffusion_patch_03.png,54,0.3
attack_03,258883,000000258883.jpg,person,Yes,Yes,0.728652,0.371899,0.356753,48.960684,0.767306,0.805475,-0.038168,4,5,1,Yes,No,diffusion_patch_03.png,84,0.3
attack_03,259690,000000259690.jpg,car,No,No,0.000000,0.000000,0.000000,,0.000000,0.000000,0.000000,17,14,-3,No,No,diffusion_patch_03.png,11,0.3
attack_03,260266,000000260266.jpg,car,Yes,Yes,0.903168,0.895877,0.007291,0.807270,0.931705,0.935237,-0.003532,10,10,0,Yes,No,diffusion_patch_03.png,11,0.3
attack_03,260925,000000260925.jpg,car,Yes,Yes,0.686026,0.689699,-0.003673,-0.535402,0.974974,0.974892,0.000082,2,4,2,Yes,No,diffusion_patch_03.png,134,0.3
attack_03,262487,000000262487.jpg,person,Yes,Yes,0.828223,0.446433,0.381790,46.097488,0.549245,0.880481,-0.331237,4,4,0,Yes,No,diffusion_patch_03.png,57,0.3
attack_03,266981,000000266981.jpg,car,Yes,No,0.310943,0.000000,0.310943,100.000000,0.783114,0.000000,0.783114,19,20,1,Yes,Yes,diffusion_patch_03.png,12,0.3
attack_03,268378,000000268378.jpg,person,Yes,Yes,0.923205,0.931013,-0.007808,-0.845749,0.977252,0.967954,0.009297,21,24,3,Yes,No,diffusion_patch_03.png,65,0.3
attack_03,269316,000000269316.jpg,person,Yes,Yes,0.940243,0.920496,0.019747,2.100202,0.985813,0.981441,0.004373,6,7,1,Yes,No,diffusion_patch_03.png,65,0.3
attack_03,273198,000000273198.jpg,car,No,Yes,0.000000,0.288105,-0.288105,,0.000000,0.980529,-0.980529,5,6,1,No,No,diffusion_patch_03.png,10,0.3
attack_03,273711,000000273711.jpg,person,Yes,Yes,0.806502,0.838502,-0.032000,-3.967752,0.927910,0.925275,0.002634,20,19,-1,Yes,No,diffusion_patch_03.png,33,0.3
attack_03,275058,000000275058.jpg,person,Yes,Yes,0.844470,0.875891,-0.031421,-3.720795,0.904583,0.925824,-0.021240,2,3,1,Yes,No,diffusion_patch_03.png,21,0.3
attack_03,276707,000000276707.jpg,car,Yes,Yes,0.278255,0.546663,-0.268408,-96.461160,0.909660,0.882163,0.027496,2,2,0,Yes,No,diffusion_patch_03.png,9,0.3
attack_03,281754,000000281754.jpg,person,Yes,Yes,0.846909,0.875120,-0.028211,-3.331054,0.801906,0.825358,-0.023452,3,3,0,Yes,No,diffusion_patch_03.png,55,0.3
attack_03,281929,000000281929.jpg,person,Yes,Yes,0.837246,0.561198,0.276048,32.970955,0.885997,0.889273,-0.003276,4,5,1,Yes,No,diffusion_patch_03.png,51,0.3
attack_03,283037,000000283037.jpg,car,Yes,Yes,0.873931,0.673582,0.200349,22.925036,0.990629,0.992564,-0.001935,2,2,0,Yes,No,diffusion_patch_03.png,27,0.3
attack_03,283038,000000283038.jpg,car,Yes,Yes,0.856325,0.752753,0.103572,12.094941,0.948836,0.945285,0.003551,5,6,1,Yes,No,diffusion_patch_03.png,9,0.3
attack_03,284991,000000284991.jpg,person,No,Yes,0.000000,0.770755,-0.770755,,0.000000,0.933176,-0.933176,1,2,1,No,No,diffusion_patch_03.png,127,0.3
attack_03,291634,000000291634.jpg,person,Yes,Yes,0.826649,0.814368,0.012281,1.485637,0.785186,0.763036,0.022150,16,16,0,Yes,No,diffusion_patch_03.png,11,0.3
attack_03,292997,000000292997.jpg,car,Yes,Yes,0.552398,0.633694,-0.081296,-14.716925,0.973682,0.976926,-0.003244,10,10,0,Yes,No,diffusion_patch_03.png,51,0.3
attack_03,294831,000000294831.jpg,person,Yes,Yes,0.819762,0.686539,0.133223,16.251424,0.981075,0.982193,-0.001117,6,6,0,Yes,No,diffusion_patch_03.png,37,0.3
attack_03,296224,000000296224.jpg,car,Yes,Yes,0.520208,0.634104,-0.113896,-21.894319,0.627445,0.617555,0.009890,3,3,0,Yes,No,diffusion_patch_03.png,12,0.3
attack_03,296649,000000296649.jpg,car,Yes,Yes,0.833840,0.862108,-0.028268,-3.390099,0.932949,0.932349,0.000600,17,20,3,Yes,No,diffusion_patch_03.png,28,0.3
attack_03,297084,000000297084.jpg,person,Yes,Yes,0.877642,0.876982,0.000660,0.075202,0.934130,0.932249,0.001881,16,17,1,Yes,No,diffusion_patch_03.png,118,0.3
attack_03,297595,000000297595.jpg,person,Yes,Yes,0.836706,0.846741,-0.010035,-1.199346,0.936838,0.937703,-0.000866,2,2,0,Yes,No,diffusion_patch_03.png,11,0.3
attack_03,300341,000000300341.jpg,person,Yes,Yes,0.888055,0.894361,-0.006306,-0.710091,0.870054,0.867749,0.002305,11,10,-1,Yes,No,diffusion_patch_03.png,60,0.3
attack_03,301421,000000301421.jpg,car,No,No,0.000000,0.000000,0.000000,,0.000000,0.000000,0.000000,8,7,-1,No,No,diffusion_patch_03.png,17,0.3
attack_03,301718,000000301718.jpg,person,Yes,Yes,0.651443,0.695477,-0.044034,-6.759456,0.835643,0.846308,-0.010665,10,9,-1,Yes,No,diffusion_patch_03.png,52,0.3
attack_03,302990,000000302990.jpg,person,Yes,Yes,0.922068,0.909767,0.012301,1.334066,0.888523,0.854035,0.034488,6,7,1,Yes,No,diffusion_patch_03.png,45,0.3
attack_03,303305,000000303305.jpg,car,Yes,Yes,0.586425,0.608866,-0.022441,-3.826747,0.942858,0.945677,-0.002819,4,4,0,Yes,No,diffusion_patch_03.png,15,0.3
attack_03,303566,000000303566.jpg,car,No,Yes,0.000000,0.251738,-0.251738,,0.000000,0.810760,-0.810760,19,21,2,No,No,diffusion_patch_03.png,10,0.3
attack_03,304812,000000304812.jpg,person,No,No,0.000000,0.000000,0.000000,,0.000000,0.000000,0.000000,1,3,2,No,No,diffusion_patch_03.png,9,0.3
attack_03,305609,000000305609.jpg,person,Yes,Yes,0.515049,0.733557,-0.218508,-42.424701,0.923212,0.926805,-0.003593,16,16,0,Yes,No,diffusion_patch_03.png,47,0.3
attack_03,309391,000000309391.jpg,car,Yes,Yes,0.847642,0.830980,0.016662,1.965688,0.870105,0.874603,-0.004498,22,20,-2,Yes,No,diffusion_patch_03.png,16,0.3
attack_03,311002,000000311002.jpg,person,Yes,Yes,0.937782,0.930334,0.007448,0.794214,0.968576,0.972346,-0.003770,7,8,1,Yes,No,diffusion_patch_03.png,66,0.3
attack_03,319184,000000319184.jpg,person,Yes,Yes,0.933838,0.939387,-0.005549,-0.594214,0.952507,0.948795,0.003712,9,11,2,Yes,No,diffusion_patch_03.png,55,0.3
attack_03,319369,000000319369.jpg,car,Yes,Yes,0.759161,0.734364,0.024797,3.266369,0.935639,0.901554,0.034084,11,10,-1,Yes,No,diffusion_patch_03.png,8,0.3
attack_03,321790,000000321790.jpg,person,Yes,Yes,0.912369,0.911840,0.000529,0.057981,0.956119,0.954270,0.001849,2,2,0,Yes,No,diffusion_patch_03.png,55,0.3
attack_03,323571,000000323571.jpg,car,No,Yes,0.000000,0.391925,-0.391925,,0.000000,0.502861,-0.502861,6,8,2,No,No,diffusion_patch_03.png,11,0.3
attack_03,325031,000000325031.jpg,person,No,No,0.000000,0.000000,0.000000,,0.000000,0.000000,0.000000,3,3,0,No,No,diffusion_patch_03.png,10,0.3
attack_03,326541,000000326541.jpg,car,No,No,0.000000,0.000000,0.000000,,0.000000,0.000000,0.000000,7,7,0,No,No,diffusion_patch_03.png,26,0.3
attack_03,334371,000000334371.jpg,car,No,No,0.000000,0.000000,0.000000,,0.000000,0.000000,0.000000,11,11,0,No,No,diffusion_patch_03.png,12,0.3
attack_03,334555,000000334555.jpg,car,No,No,0.000000,0.000000,0.000000,,0.000000,0.000000,0.000000,19,17,-2,No,No,diffusion_patch_03.png,24,0.3
attack_03,338560,000000338560.jpg,car,Yes,Yes,0.885938,0.858582,0.027356,3.087801,0.946413,0.935722,0.010691,8,8,0,Yes,No,diffusion_patch_03.png,11,0.3
attack_03,338625,000000338625.jpg,car,Yes,Yes,0.908104,0.893571,0.014533,1.600367,0.915551,0.916570,-0.001018,9,8,-1,Yes,No,diffusion_patch_03.png,12,0.3
attack_03,338986,000000338986.jpg,car,Yes,No,0.665034,0.000000,0.665034,100.000000,0.912807,0.000000,0.912807,4,1,-3,Yes,Yes,diffusion_patch_03.png,31,0.3
attack_03,343453,000000343453.jpg,person,Yes,Yes,0.938266,0.944590,-0.006324,-0.674009,0.945298,0.950214,-0.004916,2,2,0,Yes,No,diffusion_patch_03.png,57,0.3
attack_03,344909,000000344909.jpg,car,Yes,Yes,0.554599,0.641062,-0.086463,-15.590183,0.901229,0.918927,-0.017698,4,4,0,Yes,No,diffusion_patch_03.png,12,0.3
attack_03,345361,000000345361.jpg,car,No,No,0.000000,0.000000,0.000000,,0.000000,0.000000,0.000000,10,11,1,No,No,diffusion_patch_03.png,9,0.3
attack_03,350122,000000350122.jpg,person,No,No,0.000000,0.000000,0.000000,,0.000000,0.000000,0.000000,20,20,0,No,No,diffusion_patch_03.png,49,0.3
attack_03,353027,000000353027.jpg,person,Yes,Yes,0.821313,0.731542,0.089771,10.930181,0.922581,0.910378,0.012203,3,3,0,Yes,No,diffusion_patch_03.png,70,0.3
attack_03,354829,000000354829.jpg,car,Yes,Yes,0.759489,0.558753,0.200736,26.430403,0.951436,0.969480,-0.018044,1,1,0,Yes,No,diffusion_patch_03.png,46,0.3
attack_03,355257,000000355257.jpg,person,No,No,0.000000,0.000000,0.000000,,0.000000,0.000000,0.000000,4,4,0,No,No,diffusion_patch_03.png,30,0.3
attack_03,359540,000000359540.jpg,person,Yes,Yes,0.906341,0.903848,0.002493,0.275062,0.951932,0.958837,-0.006906,9,11,2,Yes,No,diffusion_patch_03.png,39,0.3
attack_03,361506,000000361506.jpg,car,Yes,Yes,0.527953,0.289488,0.238465,45.167846,0.800863,0.762871,0.037991,3,3,0,Yes,No,diffusion_patch_03.png,8,0.3
attack_03,363188,000000363188.jpg,car,Yes,Yes,0.597566,0.592473,0.005093,0.852291,0.819866,0.948070,-0.128205,12,11,-1,Yes,No,diffusion_patch_03.png,15,0.3
attack_03,365642,000000365642.jpg,car,No,No,0.000000,0.000000,0.000000,,0.000000,0.000000,0.000000,7,8,1,No,No,diffusion_patch_03.png,20,0.3
attack_03,367680,000000367680.jpg,person,Yes,Yes,0.808493,0.802168,0.006325,0.782320,0.894792,0.907464,-0.012672,12,13,1,Yes,No,diffusion_patch_03.png,7,0.3
attack_03,369812,000000369812.jpg,car,Yes,Yes,0.566876,0.547885,0.018991,3.350115,0.949156,0.948345,0.000812,11,12,1,Yes,No,diffusion_patch_03.png,39,0.3
attack_03,370208,000000370208.jpg,person,Yes,No,0.546549,0.000000,0.546549,100.000000,0.916863,0.000000,0.916863,4,3,-1,Yes,Yes,diffusion_patch_03.png,14,0.3
attack_03,370270,000000370270.jpg,person,Yes,Yes,0.904429,0.906363,-0.001934,-0.213837,0.930701,0.924321,0.006380,5,5,0,Yes,No,diffusion_patch_03.png,53,0.3
attack_03,372577,000000372577.jpg,person,Yes,Yes,0.906927,0.903227,0.003700,0.407971,0.923080,0.920117,0.002963,3,4,1,Yes,No,diffusion_patch_03.png,51,0.3
attack_03,374982,000000374982.jpg,person,Yes,Yes,0.939930,0.925824,0.014106,1.500750,0.937330,0.931031,0.006299,14,11,-3,Yes,No,diffusion_patch_03.png,71,0.3
attack_03,376625,000000376625.jpg,person,Yes,Yes,0.809964,0.792218,0.017746,2.190962,0.884873,0.903047,-0.018173,14,12,-2,Yes,No,diffusion_patch_03.png,12,0.3
attack_03,377946,000000377946.jpg,car,Yes,Yes,0.905855,0.906682,-0.000827,-0.091295,0.967967,0.967834,0.000134,15,12,-3,Yes,No,diffusion_patch_03.png,39,0.3
attack_03,380706,000000380706.jpg,person,Yes,Yes,0.876470,0.879324,-0.002854,-0.325624,0.941086,0.960630,-0.019544,8,8,0,Yes,No,diffusion_patch_03.png,31,0.3
attack_03,389566,000000389566.jpg,car,Yes,Yes,0.753941,0.766028,-0.012087,-1.603176,0.856923,0.881425,-0.024502,15,15,0,Yes,No,diffusion_patch_03.png,10,0.3
attack_03,392722,000000392722.jpg,car,No,No,0.000000,0.000000,0.000000,,0.000000,0.000000,0.000000,13,13,0,No,No,diffusion_patch_03.png,8,0.3
attack_03,393093,000000393093.jpg,car,Yes,No,0.751928,0.000000,0.751928,100.000000,0.941854,0.000000,0.941854,10,9,-1,Yes,Yes,diffusion_patch_03.png,14,0.3
attack_03,393226,000000393226.jpg,car,Yes,Yes,0.831007,0.834281,-0.003274,-0.393980,0.935931,0.944513,-0.008582,10,9,-1,Yes,No,diffusion_patch_03.png,12,0.3
attack_03,396338,000000396338.jpg,car,Yes,Yes,0.877764,0.893090,-0.015326,-1.746027,0.970785,0.967645,0.003140,11,10,-1,Yes,No,diffusion_patch_03.png,87,0.3
attack_03,397351,000000397351.jpg,car,Yes,Yes,0.542818,0.648740,-0.105922,-19.513354,0.836074,0.797456,0.038618,4,4,0,Yes,No,diffusion_patch_03.png,74,0.3
attack_03,398742,000000398742.jpg,person,Yes,Yes,0.862708,0.874450,-0.011742,-1.361063,0.950536,0.953902,-0.003366,8,6,-2,Yes,No,diffusion_patch_03.png,112,0.3
attack_03,400367,000000400367.jpg,car,Yes,Yes,0.921299,0.923232,-0.001933,-0.209812,0.920549,0.923770,-0.003221,11,11,0,Yes,No,diffusion_patch_03.png,24,0.3
attack_03,403565,000000403565.jpg,person,Yes,Yes,0.788833,0.788615,0.000218,0.027636,0.953132,0.978913,-0.025781,3,3,0,Yes,No,diffusion_patch_03.png,30,0.3
attack_03,404923,000000404923.jpg,person,Yes,Yes,0.881199,0.882492,-0.001293,-0.146732,0.955106,0.928160,0.026946,7,7,0,Yes,No,diffusion_patch_03.png,51,0.3
attack_03,407083,000000407083.jpg,car,Yes,No,0.353103,0.000000,0.353103,100.000000,0.838256,0.000000,0.838256,4,3,-1,Yes,Yes,diffusion_patch_03.png,144,0.3
attack_03,407868,000000407868.jpg,person,Yes,Yes,0.828939,0.813342,0.015597,1.881562,0.940872,0.945754,-0.004881,6,6,0,Yes,No,diffusion_patch_03.png,14,0.3
attack_03,412286,000000412286.jpg,person,Yes,Yes,0.904713,0.906316,-0.001603,-0.177183,0.973176,0.971978,0.001197,3,3,0,Yes,No,diffusion_patch_03.png,39,0.3
attack_03,413689,000000413689.jpg,car,Yes,No,0.531780,0.000000,0.531780,100.000000,0.759848,0.000000,0.759848,16,15,-1,Yes,Yes,diffusion_patch_03.png,7,0.3
attack_03,414385,000000414385.jpg,car,Yes,Yes,0.839809,0.846224,-0.006415,-0.763864,0.876168,0.883029,-0.006860,7,7,0,Yes,No,diffusion_patch_03.png,15,0.3
attack_03,415727,000000415727.jpg,person,Yes,Yes,0.826261,0.853846,-0.027585,-3.338533,0.891950,0.885834,0.006116,5,7,2,Yes,No,diffusion_patch_03.png,96,0.3
attack_03,416885,000000416885.jpg,car,No,No,0.000000,0.000000,0.000000,,0.000000,0.000000,0.000000,8,8,0,No,No,diffusion_patch_03.png,48,0.3
attack_03,417249,000000417249.jpg,person,Yes,Yes,0.921671,0.921199,0.000472,0.051211,0.989917,0.986370,0.003548,10,10,0,Yes,No,diffusion_patch_03.png,44,0.3
attack_03,417779,000000417779.jpg,car,Yes,Yes,0.692829,0.714386,-0.021557,-3.111446,0.869697,0.813620,0.056076,4,4,0,Yes,No,diffusion_patch_03.png,13,0.3
attack_03,419408,000000419408.jpg,car,Yes,Yes,0.426977,0.334266,0.092711,21.713348,0.836163,0.730843,0.105320,8,10,2,Yes,No,diffusion_patch_03.png,8,0.3
attack_03,423617,000000423617.jpg,car,Yes,Yes,0.894146,0.895372,-0.001226,-0.137114,0.926976,0.920607,0.006369,11,12,1,Yes,No,diffusion_patch_03.png,37,0.3
attack_03,425221,000000425221.jpg,person,No,No,0.000000,0.000000,0.000000,,0.000000,0.000000,0.000000,4,4,0,No,No,diffusion_patch_03.png,20,0.3
attack_03,425925,000000425925.jpg,car,Yes,Yes,0.749346,0.708067,0.041279,5.508670,0.946436,0.946825,-0.000389,9,9,0,Yes,No,diffusion_patch_03.png,15,0.3
attack_03,427055,000000427055.jpg,car,Yes,No,0.348065,0.000000,0.348065,100.000000,0.862919,0.000000,0.862919,11,10,-1,Yes,Yes,diffusion_patch_03.png,9,0.3
attack_03,427500,000000427500.jpg,car,Yes,Yes,0.863877,0.835288,0.028589,3.309383,0.977444,0.982173,-0.004729,3,3,0,Yes,No,diffusion_patch_03.png,13,0.3
attack_03,427655,000000427655.jpg,car,Yes,Yes,0.519345,0.444244,0.075101,14.460715,0.696188,0.766489,-0.070301,8,7,-1,Yes,No,diffusion_patch_03.png,12,0.3
attack_03,430048,000000430048.jpg,car,No,No,0.000000,0.000000,0.000000,,0.000000,0.000000,0.000000,1,1,0,No,No,diffusion_patch_03.png,12,0.3
attack_03,436738,000000436738.jpg,car,Yes,Yes,0.679468,0.435556,0.243912,35.897496,0.946187,0.958353,-0.012166,9,11,2,Yes,No,diffusion_patch_03.png,17,0.3
attack_03,437239,000000437239.jpg,person,Yes,Yes,0.889738,0.892931,-0.003193,-0.358870,0.915353,0.920024,-0.004671,11,12,1,Yes,No,diffusion_patch_03.png,28,0.3
attack_03,437351,000000437351.jpg,person,Yes,Yes,0.860621,0.766924,0.093697,10.887138,0.928147,0.961474,-0.033327,4,5,1,Yes,No,diffusion_patch_03.png,68,0.3
attack_03,438876,000000438876.jpg,person,Yes,Yes,0.921400,0.935195,-0.013795,-1.497178,0.965177,0.967786,-0.002609,3,4,1,Yes,No,diffusion_patch_03.png,54,0.3
attack_03,439623,000000439623.jpg,car,Yes,Yes,0.414911,0.329380,0.085531,20.614300,0.855655,0.848199,0.007456,7,7,0,Yes,No,diffusion_patch_03.png,53,0.3
attack_03,441468,000000441468.jpg,car,Yes,Yes,0.825408,0.890787,-0.065379,-7.920810,0.946967,0.946596,0.000372,5,6,1,Yes,No,diffusion_patch_03.png,14,0.3
attack_03,442456,000000442456.jpg,car,Yes,Yes,0.704125,0.772840,-0.068715,-9.758921,0.964727,0.960523,0.004203,9,10,1,Yes,No,diffusion_patch_03.png,53,0.3
attack_03,447187,000000447187.jpg,person,Yes,Yes,0.885462,0.878482,0.006980,0.788289,0.893939,0.899570,-0.005632,6,6,0,Yes,No,diffusion_patch_03.png,51,0.3
attack_03,447611,000000447611.jpg,person,Yes,Yes,0.807510,0.808753,-0.001243,-0.153930,0.957982,0.958153,-0.000171,4,4,0,Yes,No,diffusion_patch_03.png,52,0.3
attack_03,448410,000000448410.jpg,person,Yes,Yes,0.782930,0.841196,-0.058266,-7.442045,0.940985,0.938909,0.002077,26,29,3,Yes,No,diffusion_patch_03.png,16,0.3
attack_03,449312,000000449312.jpg,car,No,No,0.000000,0.000000,0.000000,,0.000000,0.000000,0.000000,5,5,0,No,No,diffusion_patch_03.png,30,0.3
attack_03,449661,000000449661.jpg,person,Yes,No,0.568440,0.000000,0.568440,100.000000,0.860027,0.000000,0.860027,5,5,0,Yes,Yes,diffusion_patch_03.png,24,0.3
attack_03,450559,000000450559.jpg,person,Yes,Yes,0.936778,0.938082,-0.001304,-0.139201,0.907256,0.908445,-0.001189,3,4,1,Yes,No,diffusion_patch_03.png,70,0.3
attack_03,453841,000000453841.jpg,car,Yes,Yes,0.941486,0.936470,0.005016,0.532775,0.928132,0.932314,-0.004182,15,15,0,Yes,No,diffusion_patch_03.png,50,0.3
attack_03,454661,000000454661.jpg,car,Yes,Yes,0.858970,0.918531,-0.059561,-6.934002,0.978654,0.978916,-0.000263,11,10,-1,Yes,No,diffusion_patch_03.png,52,0.3
attack_03,455157,000000455157.jpg,person,Yes,Yes,0.722201,0.657092,0.065109,9.015357,0.866418,0.855813,0.010605,5,6,1,Yes,No,diffusion_patch_03.png,52,0.3
attack_03,455555,000000455555.jpg,person,Yes,Yes,0.853935,0.863456,-0.009521,-1.114956,0.873999,0.935432,-0.061433,4,4,0,Yes,No,diffusion_patch_03.png,99,0.3
attack_03,455624,000000455624.jpg,person,Yes,Yes,0.877581,0.865805,0.011776,1.341870,0.969514,0.960755,0.008759,18,16,-2,Yes,No,diffusion_patch_03.png,57,0.3
attack_03,456015,000000456015.jpg,person,Yes,Yes,0.818513,0.814508,0.004005,0.489302,0.864801,0.875187,-0.010386,8,7,-1,Yes,No,diffusion_patch_03.png,17,0.3
attack_03,456394,000000456394.jpg,car,No,No,0.000000,0.000000,0.000000,,0.000000,0.000000,0.000000,4,4,0,No,No,diffusion_patch_03.png,6,0.3
attack_03,458325,000000458325.jpg,car,Yes,Yes,0.903890,0.901145,0.002745,0.303687,0.948480,0.940208,0.008272,30,31,1,Yes,No,diffusion_patch_03.png,50,0.3
attack_03,458992,000000458992.jpg,person,Yes,Yes,0.881525,0.843412,0.038113,4.323530,0.889565,0.899757,-0.010191,5,6,1,Yes,No,diffusion_patch_03.png,123,0.3
attack_03,459153,000000459153.jpg,person,Yes,Yes,0.883545,0.720284,0.163261,18.477950,0.969498,0.964033,0.005465,3,4,1,Yes,No,diffusion_patch_03.png,84,0.3
attack_03,459954,000000459954.jpg,person,Yes,Yes,0.262080,0.255428,0.006652,2.538156,0.886488,0.889305,-0.002817,4,4,0,Yes,No,diffusion_patch_03.png,10,0.3
attack_03,462371,000000462371.jpg,person,Yes,Yes,0.586881,0.469863,0.117018,19.938965,0.669798,0.878846,-0.209048,9,12,3,Yes,No,diffusion_patch_03.png,62,0.3
attack_03,463522,000000463522.jpg,person,No,No,0.000000,0.000000,0.000000,,0.000000,0.000000,0.000000,9,8,-1,No,No,diffusion_patch_03.png,17,0.3
attack_03,464824,000000464824.jpg,car,No,No,0.000000,0.000000,0.000000,,0.000000,0.000000,0.000000,1,1,0,No,No,diffusion_patch_03.png,22,0.3
attack_03,466156,000000466156.jpg,car,No,No,0.000000,0.000000,0.000000,,0.000000,0.000000,0.000000,4,5,1,No,No,diffusion_patch_03.png,99,0.3
attack_03,467511,000000467511.jpg,person,Yes,Yes,0.621626,0.573627,0.047999,7.721524,0.970938,0.872661,0.098276,6,6,0,Yes,No,diffusion_patch_03.png,46,0.3
attack_03,470924,000000470924.jpg,person,Yes,Yes,0.736892,0.810079,-0.073187,-9.931849,0.806834,0.792828,0.014005,37,38,1,Yes,No,diffusion_patch_03.png,67,0.3
attack_03,474452,000000474452.jpg,car,No,No,0.000000,0.000000,0.000000,,0.000000,0.000000,0.000000,17,15,-2,No,No,diffusion_patch_03.png,13,0.3
attack_03,476704,000000476704.jpg,car,Yes,Yes,0.424567,0.600125,-0.175558,-41.349893,0.789163,0.771057,0.018106,7,6,-1,Yes,No,diffusion_patch_03.png,13,0.3
attack_03,479126,000000479126.jpg,person,Yes,Yes,0.922912,0.930687,-0.007775,-0.842442,0.941153,0.946324,-0.005170,8,6,-2,Yes,No,diffusion_patch_03.png,71,0.3
attack_03,479248,000000479248.jpg,person,Yes,Yes,0.440278,0.351641,0.088637,20.132053,0.516833,0.527923,-0.011090,12,12,0,Yes,No,diffusion_patch_03.png,24,0.3
attack_03,480021,000000480021.jpg,car,Yes,Yes,0.253575,0.701924,-0.448349,-176.811200,0.927315,0.542381,0.384933,9,8,-1,Yes,No,diffusion_patch_03.png,19,0.3
attack_03,482275,000000482275.jpg,person,Yes,Yes,0.869467,0.663510,0.205957,23.687731,0.825847,0.717863,0.107984,7,6,-1,Yes,No,diffusion_patch_03.png,89,0.3
attack_03,484404,000000484404.jpg,person,Yes,Yes,0.634933,0.288476,0.346457,54.565915,0.518147,0.740489,-0.222342,4,4,0,Yes,No,diffusion_patch_03.png,8,0.3
attack_03,485071,000000485071.jpg,person,Yes,Yes,0.876114,0.740636,0.135478,15.463513,0.967307,0.975313,-0.008005,2,3,1,Yes,No,diffusion_patch_03.png,29,0.3
attack_03,485237,000000485237.jpg,car,No,No,0.000000,0.000000,0.000000,,0.000000,0.000000,0.000000,8,7,-1,No,No,diffusion_patch_03.png,6,0.3
attack_03,490936,000000490936.jpg,car,Yes,Yes,0.623868,0.659674,-0.035806,-5.739355,0.725348,0.729705,-0.004357,13,14,1,Yes,No,diffusion_patch_03.png,23,0.3
attack_03,491130,000000491130.jpg,person,Yes,Yes,0.777985,0.665848,0.112137,14.413774,0.906939,0.904971,0.001968,2,3,1,Yes,No,diffusion_patch_03.png,94,0.3
attack_03,491213,000000491213.jpg,car,No,No,0.000000,0.000000,0.000000,,0.000000,0.000000,0.000000,4,5,1,No,No,diffusion_patch_03.png,49,0.3
attack_03,491366,000000491366.jpg,person,Yes,Yes,0.893609,0.855179,0.038430,4.300539,0.982577,0.937071,0.045506,9,9,0,Yes,No,diffusion_patch_03.png,53,0.3
attack_03,493772,000000493772.jpg,person,Yes,Yes,0.872019,0.869537,0.002482,0.284627,0.855079,0.851595,0.003484,2,2,0,Yes,No,diffusion_patch_03.png,16,0.3
attack_03,494869,000000494869.jpg,person,Yes,Yes,0.880850,0.889258,-0.008408,-0.954533,0.931296,0.924494,0.006802,10,10,0,Yes,No,diffusion_patch_03.png,54,0.3
attack_03,497599,000000497599.jpg,person,Yes,Yes,0.895051,0.885093,0.009958,1.112562,0.964867,0.980340,-0.015474,6,6,0,Yes,No,diffusion_patch_03.png,100,0.3
attack_03,498286,000000498286.jpg,car,Yes,Yes,0.744553,0.758383,-0.013830,-1.857490,0.968298,0.958722,0.009576,2,2,0,Yes,No,diffusion_patch_03.png,25,0.3
attack_03,501005,000000501005.jpg,person,Yes,Yes,0.928402,0.928458,-0.000056,-0.006032,0.976349,0.977410,-0.001061,5,5,0,Yes,No,diffusion_patch_03.png,52,0.3
attack_03,504415,000000504415.jpg,car,Yes,Yes,0.891094,0.882118,0.008976,1.007301,0.913029,0.914363,-0.001333,5,5,0,Yes,No,diffusion_patch_03.png,19,0.3
attack_03,505942,000000505942.jpg,car,No,Yes,0.000000,0.358470,-0.358470,,0.000000,0.752045,-0.752045,6,6,0,No,No,diffusion_patch_03.png,12,0.3
attack_03,506707,000000506707.jpg,car,Yes,Yes,0.409182,0.493419,-0.084237,-20.586683,0.585908,0.635439,-0.049531,9,9,0,Yes,No,diffusion_patch_03.png,30,0.3
attack_03,507667,000000507667.jpg,car,Yes,Yes,0.821377,0.833296,-0.011919,-1.451100,0.805366,0.809972,-0.004606,12,13,1,Yes,No,diffusion_patch_03.png,16,0.3
attack_03,507797,000000507797.jpg,car,Yes,No,0.336923,0.000000,0.336923,100.000000,0.741958,0.000000,0.741958,15,15,0,Yes,Yes,diffusion_patch_03.png,9,0.3
attack_03,507975,000000507975.jpg,car,No,No,0.000000,0.000000,0.000000,,0.000000,0.000000,0.000000,10,11,1,No,No,diffusion_patch_03.png,56,0.3
attack_03,509014,000000509014.jpg,person,No,No,0.000000,0.000000,0.000000,,0.000000,0.000000,0.000000,20,20,0,No,No,diffusion_patch_03.png,20,0.3
attack_03,511999,000000511999.jpg,car,Yes,Yes,0.873508,0.871664,0.001844,0.211103,0.934291,0.944049,-0.009757,7,7,0,Yes,No,diffusion_patch_03.png,19,0.3
attack_03,512564,000000512564.jpg,car,Yes,Yes,0.823286,0.809415,0.013871,1.684834,0.910851,0.916227,-0.005375,8,9,1,Yes,No,diffusion_patch_03.png,10,0.3
attack_03,512836,000000512836.jpg,person,Yes,Yes,0.862746,0.802054,0.060692,7.034747,0.973851,0.977051,-0.003201,5,5,0,Yes,No,diffusion_patch_03.png,44,0.3
attack_03,512985,000000512985.jpg,person,Yes,Yes,0.832014,0.838206,-0.006192,-0.744218,0.809151,0.809836,-0.000685,2,2,0,Yes,No,diffusion_patch_03.png,20,0.3
attack_03,513041,000000513041.jpg,person,Yes,Yes,0.908476,0.904063,0.004413,0.485759,0.968208,0.970688,-0.002480,10,10,0,Yes,No,diffusion_patch_03.png,77,0.3
attack_03,514586,000000514586.jpg,car,No,No,0.000000,0.000000,0.000000,,0.000000,0.000000,0.000000,6,6,0,No,No,diffusion_patch_03.png,10,0.3
attack_03,515982,000000515982.jpg,person,Yes,Yes,0.917384,0.926231,-0.008847,-0.964373,0.951065,0.954232,-0.003167,5,5,0,Yes,No,diffusion_patch_03.png,75,0.3
attack_03,521052,000000521052.jpg,car,Yes,Yes,0.750153,0.560244,0.189909,25.316036,0.936953,0.737404,0.199550,2,3,1,Yes,No,diffusion_patch_03.png,20,0.3
attack_03,521141,000000521141.jpg,car,Yes,Yes,0.853076,0.815908,0.037168,4.356939,0.969180,0.970207,-0.001027,13,11,-2,Yes,No,diffusion_patch_03.png,10,0.3
attack_03,521819,000000521819.jpg,car,Yes,Yes,0.716146,0.624406,0.091740,12.810237,0.836898,0.867459,-0.030561,15,15,0,Yes,No,diffusion_patch_03.png,8,0.3
attack_03,526728,000000526728.jpg,car,Yes,Yes,0.543633,0.501376,0.042257,7.773075,0.887129,0.885702,0.001427,13,13,0,Yes,No,diffusion_patch_03.png,8,0.3
attack_03,527220,000000527220.jpg,car,Yes,No,0.567127,0.000000,0.567127,100.000000,0.964947,0.000000,0.964947,4,3,-1,Yes,Yes,diffusion_patch_03.png,46,0.3
attack_03,533145,000000533145.jpg,person,No,No,0.000000,0.000000,0.000000,,0.000000,0.000000,0.000000,1,2,1,No,No,diffusion_patch_03.png,58,0.3
attack_03,534270,000000534270.jpg,person,Yes,Yes,0.904876,0.896951,0.007925,0.875811,0.909483,0.908149,0.001334,5,5,0,Yes,No,diffusion_patch_03.png,31,0.3
attack_03,537506,000000537506.jpg,car,Yes,Yes,0.759314,0.649896,0.109418,14.410112,0.683936,0.691767,-0.007831,13,12,-1,Yes,No,diffusion_patch_03.png,37,0.3
attack_03,540414,000000540414.jpg,person,No,No,0.000000,0.000000,0.000000,,0.000000,0.000000,0.000000,23,22,-1,No,No,diffusion_patch_03.png,61,0.3
attack_03,545007,000000545007.jpg,person,Yes,Yes,0.761509,0.757997,0.003512,0.461190,0.950115,0.948644,0.001471,3,3,0,Yes,No,diffusion_patch_03.png,38,0.3
attack_03,547336,000000547336.jpg,person,Yes,Yes,0.847192,0.779299,0.067893,8.013886,0.979460,0.982904,-0.003444,4,5,1,Yes,No,diffusion_patch_03.png,111,0.3
attack_03,549390,000000549390.jpg,person,Yes,Yes,0.859005,0.819713,0.039292,4.574129,0.692337,0.705101,-0.012764,14,14,0,Yes,No,diffusion_patch_03.png,63,0.3
attack_03,550691,000000550691.jpg,car,Yes,Yes,0.881036,0.897181,-0.016145,-1.832502,0.920308,0.914605,0.005703,5,5,0,Yes,No,diffusion_patch_03.png,21,0.3
attack_03,555050,000000555050.jpg,car,Yes,Yes,0.929111,0.940108,-0.010997,-1.183605,0.976543,0.972062,0.004480,11,11,0,Yes,No,diffusion_patch_03.png,28,0.3
attack_03,558854,000000558854.jpg,person,Yes,Yes,0.343125,0.337987,0.005138,1.497413,0.777434,0.779522,-0.002088,12,13,1,Yes,No,diffusion_patch_03.png,13,0.3
attack_03,564336,000000564336.jpg,car,No,No,0.000000,0.000000,0.000000,,0.000000,0.000000,0.000000,14,14,0,No,No,diffusion_patch_03.png,19,0.3
attack_03,565045,000000565045.jpg,person,Yes,Yes,0.820449,0.724136,0.096313,11.739060,0.941381,0.942355,-0.000974,3,3,0,Yes,No,diffusion_patch_03.png,22,0.3
attack_03,566282,000000566282.jpg,car,Yes,Yes,0.279791,0.452582,-0.172791,-61.757169,0.892963,0.503240,0.389722,14,12,-2,Yes,No,diffusion_patch_03.png,22,0.3
attack_03,567197,000000567197.jpg,car,No,No,0.000000,0.000000,0.000000,,0.000000,0.000000,0.000000,11,8,-3,No,No,diffusion_patch_03.png,11,0.3
attack_03,567640,000000567640.jpg,person,Yes,Yes,0.938726,0.930597,0.008129,0.865961,0.974783,0.974726,0.000057,12,13,1,Yes,No,diffusion_patch_03.png,60,0.3
attack_03,571598,000000571598.jpg,person,Yes,Yes,0.814437,0.798229,0.016208,1.990086,0.964308,0.964716,-0.000408,9,9,0,Yes,No,diffusion_patch_03.png,86,0.3
attack_03,577932,000000577932.jpg,car,Yes,Yes,0.928327,0.921016,0.007311,0.787546,0.923542,0.926714,-0.003172,19,19,0,Yes,No,diffusion_patch_03.png,43,0.3
