attack_id,image_id,filename,target_class,class_id,clean_detected,clean_confidence,clean_iou,clean_total_detections,clean_best_same_class_confidence,clean_best_same_class_iou,attacked_detected,attacked_confidence,attacked_iou,attacked_total_detections,attacked_best_same_class_confidence,attacked_best_same_class_iou,confidence_drop,iou_drop,detection_count_change,patch_filename,patch_size_pixels,patch_scale,patch_center_x,patch_center_y,eligible_for_asr,attack_success
attack_02,1296,000000001296.jpg,person,1,Yes,0.87465,0.9742266682055417,5,0.87465,0.9742266682055417,Yes,0.885164,0.9745773601236855,4,0.885164,0.9745773601236855,-0.010513999999999912,-0.0003506919181437418,-1,diffusion_patch_02.png,126,0.3,217.07999999999998,318.705,Yes,No
attack_02,1353,000000001353.jpg,person,1,Yes,0.752794,0.88653517606651,6,0.752794,0.88653517606651,Yes,0.795477,0.873397080340148,7,0.795477,0.873397080340148,-0.042683000000000026,0.013138095726362042,1,diffusion_patch_02.png,38,0.3,202.60500000000002,290.38,Yes,No
attack_02,1532,000000001532.jpg,car,3,Yes,0.829359,0.9407334512612511,9,0.829359,0.9407334512612511,Yes,0.823531,0.9411640541809471,7,0.823531,0.9411640541809471,0.005827999999999944,-0.0004306029196959882,-2,diffusion_patch_02.png,35,0.3,322.745,420.84999999999997,Yes,No
attack_02,5001,000000005001.jpg,person,1,Yes,0.859653,0.902732425442845,18,0.859653,0.902732425442845,Yes,0.862441,0.8891971611699063,21,0.862441,0.8891971611699063,-0.0027880000000000127,0.013535264272938718,3,diffusion_patch_02.png,49,0.3,436.315,280.99,Yes,No
attack_02,5193,000000005193.jpg,person,1,Yes,0.918231,0.9461590124130473,11,0.918231,0.9461590124130473,Yes,0.926753,0.9504832456062432,12,0.926753,0.9504832456062432,-0.00852200000000003,-0.004324233193195859,1,diffusion_patch_02.png,65,0.3,110.31,255.0,Yes,No
attack_02,9590,000000009590.jpg,person,1,Yes,0.900567,0.9334095519062564,21,0.900567,0.9334095519062564,Yes,0.887392,0.9280094606815582,21,0.887392,0.9280094606815582,0.013175000000000048,0.0054000912246982,0,diffusion_patch_02.png,71,0.3,118.505,239.89000000000001,Yes,No
attack_02,12120,000000012120.jpg,person,1,No,0.0,0.0,12,0.912634,0.027556067295373934,No,0.0,0.0,12,0.912844,0.027615744277173393,0.0,0.0,0,diffusion_patch_02.png,87,0.3,320.0,144.5,No,No
attack_02,15338,000000015338.jpg,car,3,Yes,0.283718,0.8596497750230144,5,0.283718,0.8596497750230144,No,0.0,0.0,4,0.473746,0.0,0.283718,0.8596497750230144,-1,diffusion_patch_02.png,8,0.3,16.325,200.885,Yes,Yes
attack_02,17207,000000017207.jpg,car,3,No,0.0,0.0,6,0.804617,0.0,No,0.0,0.0,7,0.800646,0.0,0.0,0.0,1,diffusion_patch_02.png,47,0.3,560.345,200.34,No,No
attack_02,18770,000000018770.jpg,person,1,Yes,0.923841,0.9118196325887664,2,0.923841,0.9118196325887664,Yes,0.885787,0.9193102515681267,3,0.885787,0.9193102515681267,0.03805400000000003,-0.0074906189793603195,1,diffusion_patch_02.png,127,0.3,406.955,211.825,Yes,No
attack_02,18837,000000018837.jpg,car,3,Yes,0.612429,0.7098298578207624,8,0.612429,0.7098298578207624,Yes,0.511044,0.7111993193150795,8,0.511044,0.7111993193150795,0.10138499999999995,-0.001369461494317159,0,diffusion_patch_02.png,10,0.3,607.8000000000001,278.155,Yes,No
attack_02,21839,000000021839.jpg,car,3,Yes,0.468062,0.7579850683997973,11,0.468062,0.7579850683997973,Yes,0.341677,0.7125752424929798,10,0.341677,0.7125752424929798,0.12638499999999997,0.045409825906817525,-1,diffusion_patch_02.png,10,0.3,16.22,487.525,Yes,No
attack_02,24243,000000024243.jpg,person,1,Yes,0.939824,0.967459628548846,8,0.939824,0.967459628548846,Yes,0.931995,0.961611804687777,7,0.931995,0.961611804687777,0.007828999999999975,0.005847823861069079,-1,diffusion_patch_02.png,80,0.3,174.495,266.95,Yes,No
attack_02,25393,000000025393.jpg,car,3,Yes,0.737259,0.657053300465481,7,0.737259,0.657053300465481,Yes,0.742224,0.6380033018750814,6,0.742224,0.6380033018750814,-0.004964999999999997,0.019049998590399686,-1,diffusion_patch_02.png,13,0.3,44.75,219.135,Yes,No
attack_02,26926,000000026926.jpg,car,3,Yes,0.252646,0.7606389546161549,3,0.252646,0.7606389546161549,No,0.0,0.0,2,0.687613,0.004615504709216762,0.252646,0.7606389546161549,-1,diffusion_patch_02.png,22,0.3,171.35999999999999,202.5,Yes,Yes
attack_02,33759,000000033759.jpg,person,1,Yes,0.906027,0.9597589859076827,4,0.906027,0.9597589859076827,Yes,0.91567,0.9558958354456935,3,0.91567,0.9558958354456935,-0.009642999999999957,0.003863150461989262,-1,diffusion_patch_02.png,58,0.3,173.04500000000002,253.14499999999998,Yes,No
attack_02,33854,000000033854.jpg,car,3,Yes,0.847102,0.9630806982415988,15,0.847102,0.9630806982415988,Yes,0.374039,0.7384109914779037,17,0.374039,0.7384109914779037,0.473063,0.22466970676369513,2,diffusion_patch_02.png,61,0.3,135.12,319.29,Yes,No
attack_02,35682,000000035682.jpg,person,1,Yes,0.93495,0.8914522311802131,12,0.93495,0.8914522311802131,Yes,0.924131,0.8869865356933815,10,0.924131,0.8869865356933815,0.010818999999999912,0.004465695486831622,-2,diffusion_patch_02.png,77,0.3,225.07999999999998,156.14,Yes,No
attack_02,40083,000000040083.jpg,car,3,Yes,0.958043,0.964778753221616,10,0.958043,0.964778753221616,Yes,0.923663,0.9659408651672103,10,0.923663,0.9659408651672103,0.034379999999999966,-0.0011621119455943463,0,diffusion_patch_02.png,22,0.3,194.07,172.76500000000001,Yes,No
attack_02,41633,000000041633.jpg,car,3,Yes,0.581611,0.7879915479303589,3,0.581611,0.7879915479303589,Yes,0.458312,0.75807073924178,3,0.458312,0.75807073924178,0.12329899999999999,0.029920808688578826,0,diffusion_patch_02.png,13,0.3,594.485,348.945,Yes,No
attack_02,50380,000000050380.jpg,person,1,Yes,0.930351,0.9677881830232922,9,0.930351,0.9677881830232922,Yes,0.937087,0.9716677744328437,8,0.937087,0.9716677744328437,-0.006735999999999964,-0.0038795914095515194,-1,diffusion_patch_02.png,66,0.3,441.39,211.02,Yes,No
attack_02,53626,000000053626.jpg,person,1,Yes,0.90047,0.9542513151106049,7,0.90047,0.9542513151106049,Yes,0.898231,0.9490460837383932,9,0.898231,0.9490460837383932,0.002238999999999991,0.005205231372211738,2,diffusion_patch_02.png,29,0.3,173.675,263.245,Yes,No
attack_02,54967,000000054967.jpg,car,3,No,0.0,0.0,21,0.848769,0.18049524337097445,No,0.0,0.0,19,0.539164,0.18678907382769236,0.0,0.0,-2,diffusion_patch_02.png,16,0.3,96.0,447.0,No,No
attack_02,65350,000000065350.jpg,car,3,Yes,0.691699,0.6965879884612476,8,0.691699,0.6965879884612476,Yes,0.579999,0.718125415585195,8,0.579999,0.718125415585195,0.11169999999999991,-0.02153742712394746,0,diffusion_patch_02.png,25,0.3,160.3,43.405,Yes,No
attack_02,65485,000000065485.jpg,car,3,No,0.0,0.0,1,0.0,0.0,No,0.0,0.0,1,0.0,0.0,0.0,0.0,0,diffusion_patch_02.png,99,0.3,323.68,199.18,No,No
attack_02,66706,000000066706.jpg,person,1,No,0.0,0.0,6,0.0,0.0,No,0.0,0.0,5,0.0,0.0,0.0,0.0,-1,diffusion_patch_02.png,42,0.3,427.14,277.875,No,No
attack_02,67616,000000067616.jpg,car,3,Yes,0.781987,0.9721156722077058,22,0.781987,0.9721156722077058,Yes,0.795749,0.9709536464855405,22,0.795749,0.9709536464855405,-0.013762000000000052,0.001162025722165283,0,diffusion_patch_02.png,31,0.3,464.26,392.21000000000004,Yes,No
attack_02,73533,000000073533.jpg,person,1,Yes,0.437608,0.7569129464623459,5,0.437608,0.7569129464623459,Yes,0.668444,0.7435988894528753,4,0.668444,0.7435988894528753,-0.23083600000000004,0.013314057009470526,-1,diffusion_patch_02.png,134,0.3,236.785,256.485,Yes,No
attack_02,74058,000000074058.jpg,person,1,No,0.0,0.0,16,0.457708,0.4954230887661424,Yes,0.515264,0.552579953912569,13,0.515264,0.552579953912569,-0.515264,-0.552579953912569,-3,diffusion_patch_02.png,22,0.3,64.87,246.59,No,No
attack_02,78823,000000078823.jpg,car,3,Yes,0.727214,0.870086547452595,4,0.727214,0.870086547452595,Yes,0.609082,0.8982612260387908,4,0.609082,0.8982612260387908,0.11813200000000001,-0.028174678586195823,0,diffusion_patch_02.png,94,0.3,242.57999999999998,317.41999999999996,Yes,No
attack_02,82085,000000082085.jpg,person,1,Yes,0.800605,0.6094952112793899,5,0.800605,0.6094952112793899,Yes,0.818313,0.6050252534744636,5,0.818313,0.6050252534744636,-0.017707999999999946,0.004469957804926317,0,diffusion_patch_02.png,14,0.3,92.34,256.745,Yes,No
attack_02,86220,000000086220.jpg,car,3,Yes,0.917447,0.9522011599860422,3,0.917447,0.9522011599860422,Yes,0.91891,0.9595465484905179,3,0.91891,0.9595465484905179,-0.001462999999999992,-0.007345388504475747,0,diffusion_patch_02.png,38,0.3,289.845,272.34000000000003,Yes,No
attack_02,93353,000000093353.jpg,person,1,Yes,0.533885,0.9473002892422636,4,0.533885,0.9473002892422636,Yes,0.364439,0.9486336751294391,4,0.364439,0.9486336751294391,0.16944600000000004,-0.0013333858871754645,0,diffusion_patch_02.png,89,0.3,152.09,288.0,Yes,No
attack_02,96825,000000096825.jpg,person,1,Yes,0.854749,0.7741723723320599,2,0.854749,0.7741723723320599,Yes,0.839724,0.7699676989906971,2,0.839724,0.7699676989906971,0.015024999999999955,0.0042046733413628745,0,diffusion_patch_02.png,20,0.3,322.46500000000003,321.745,Yes,No
attack_02,97679,000000097679.jpg,person,1,No,0.0,0.0,4,0.0,0.0,No,0.0,0.0,4,0.0,0.0,0.0,0.0,0,diffusion_patch_02.png,11,0.3,298.315,238.29000000000002,No,No
attack_02,97924,000000097924.jpg,person,1,Yes,0.908306,0.7822075616264526,6,0.908306,0.7822075616264526,Yes,0.90842,0.7708122558186773,6,0.90842,0.7708122558186773,-0.0001140000000000585,0.011395305807775258,0,diffusion_patch_02.png,38,0.3,169.89,240.0,Yes,No
attack_02,98853,000000098853.jpg,person,1,No,0.0,0.0,16,0.502164,0.09428490542148084,No,0.0,0.0,11,0.544858,0.0940738794182894,0.0,0.0,-5,diffusion_patch_02.png,54,0.3,213.0,89.5,No,No
attack_02,99024,000000099024.jpg,person,1,Yes,0.933563,0.9620750019994954,2,0.933563,0.9620750019994954,Yes,0.870482,0.9609167148405472,2,0.870482,0.9609167148405472,0.06308100000000005,0.001158287158948168,0,diffusion_patch_02.png,61,0.3,170.82500000000002,102.55,Yes,No
attack_02,102411,000000102411.jpg,car,3,Yes,0.334507,0.8775613204336685,14,0.334507,0.8775613204336685,Yes,0.638348,0.8868196886391094,14,0.638348,0.8868196886391094,-0.303841,-0.009258368205440903,0,diffusion_patch_02.png,11,0.3,19.965,246.22,Yes,No
attack_02,111036,000000111036.jpg,car,3,Yes,0.888769,0.9564342475686691,2,0.888769,0.9564342475686691,Yes,0.572612,0.9528822022279007,3,0.572612,0.9528822022279007,0.316157,0.0035520453407684727,1,diffusion_patch_02.png,42,0.3,338.07,72.28,Yes,No
attack_02,111086,000000111086.jpg,car,3,Yes,0.365493,0.933023584591479,7,0.365493,0.933023584591479,Yes,0.43755,0.8978527614302488,7,0.43755,0.8978527614302488,-0.07205699999999998,0.035170823161230214,0,diffusion_patch_02.png,31,0.3,377.625,258.81,Yes,No
attack_02,114770,000000114770.jpg,car,3,No,0.0,0.0,1,0.0,0.0,No,0.0,0.0,1,0.0,0.0,0.0,0.0,0,diffusion_patch_02.png,58,0.3,341.03499999999997,236.89,No,No
attack_02,115870,000000115870.jpg,person,1,Yes,0.306887,0.9147328464984639,13,0.306887,0.9147328464984639,Yes,0.379619,0.9213703436360544,14,0.379619,0.9213703436360544,-0.07273199999999996,-0.006637497137590542,1,diffusion_patch_02.png,55,0.3,403.17,334.565,Yes,No
attack_02,122166,000000122166.jpg,car,3,Yes,0.750657,0.9652864430486399,13,0.750657,0.9652864430486399,Yes,0.688251,0.9662846342402597,15,0.688251,0.9662846342402597,0.06240600000000007,-0.0009981911916198127,2,diffusion_patch_02.png,46,0.3,240.67000000000002,340.85,Yes,No
attack_02,126592,000000126592.jpg,car,3,Yes,0.892763,0.8639729544531181,12,0.892763,0.8639729544531181,Yes,0.88532,0.8604251674931886,12,0.88532,0.8604251674931886,0.007442999999999977,0.003547786959929411,0,diffusion_patch_02.png,17,0.3,413.05,298.64500000000004,Yes,No
attack_02,127263,000000127263.jpg,car,3,Yes,0.27451,0.9329578275272816,4,0.27451,0.9329578275272816,No,0.0,0.0,3,0.0,0.0,0.27451,0.9329578275272816,-1,diffusion_patch_02.png,20,0.3,570.715,140.64,Yes,Yes
attack_02,131556,000000131556.jpg,person,1,No,0.0,0.0,3,0.915711,0.375353776634199,No,0.0,0.0,4,0.915278,0.37511590098858144,0.0,0.0,1,diffusion_patch_02.png,64,0.3,417.835,193.18,No,No
attack_02,134886,000000134886.jpg,car,3,Yes,0.511704,0.9447150845726618,5,0.511704,0.9447150845726618,Yes,0.484315,0.914986335378242,5,0.484315,0.914986335378242,0.027389000000000052,0.029728749194419812,0,diffusion_patch_02.png,18,0.3,461.285,403.90000000000003,Yes,No
attack_02,135410,000000135410.jpg,car,3,Yes,0.270825,0.6187580273606919,9,0.270825,0.6187580273606919,No,0.0,0.0,8,0.39398,0.12519141906225725,0.270825,0.6187580273606919,-1,diffusion_patch_02.png,28,0.3,266.725,268.875,Yes,Yes
attack_02,136715,000000136715.jpg,car,3,No,0.0,0.0,17,0.0,0.0,No,0.0,0.0,16,0.0,0.0,0.0,0.0,-1,diffusion_patch_02.png,40,0.3,573.8000000000001,180.305,No,No
attack_02,137727,000000137727.jpg,car,3,Yes,0.43083,0.7793442379919393,14,0.43083,0.7793442379919393,Yes,0.284023,0.8153740977468993,10,0.284023,0.8153740977468993,0.14680699999999997,-0.03602985975495998,-4,diffusion_patch_02.png,9,0.3,599.09,209.335,Yes,No
attack_02,138979,000000138979.jpg,car,3,Yes,0.944402,0.943422282136209,6,0.944402,0.943422282136209,Yes,0.780387,0.9414020755583716,6,0.780387,0.9414020755583716,0.1640149999999999,0.0020202065778374134,0,diffusion_patch_02.png,74,0.3,476.2,297.28,Yes,No
attack_02,142620,000000142620.jpg,person,1,Yes,0.90472,0.9658379694321692,14,0.90472,0.9658379694321692,Yes,0.894433,0.9609354955201289,13,0.894433,0.9609354955201289,0.010286999999999935,0.004902473912040239,-1,diffusion_patch_02.png,108,0.3,449.93499999999995,213.0,Yes,No
attack_02,142790,000000142790.jpg,person,1,Yes,0.648297,0.947400401834297,7,0.648297,0.947400401834297,Yes,0.796742,0.9408046233479712,5,0.796742,0.9408046233479712,-0.14844499999999994,0.006595778486325754,-2,diffusion_patch_02.png,37,0.3,340.955,205.45000000000002,Yes,No
attack_02,147223,000000147223.jpg,car,3,Yes,0.882064,0.9372878394074008,6,0.882064,0.9372878394074008,Yes,0.894342,0.9343407846227796,5,0.894342,0.9343407846227796,-0.012278000000000011,0.002947054784621206,-1,diffusion_patch_02.png,41,0.3,75.645,225.0,Yes,No
attack_02,150265,000000150265.jpg,person,1,Yes,0.921276,0.9157961770686845,8,0.921276,0.9157961770686845,Yes,0.911475,0.9132005936099113,8,0.911475,0.9132005936099113,0.009800999999999949,0.0025955834587731985,0,diffusion_patch_02.png,60,0.3,222.20499999999998,502.65,Yes,No
attack_02,151820,000000151820.jpg,person,1,Yes,0.774091,0.818299383014021,23,0.774091,0.818299383014021,Yes,0.709267,0.7764959294599034,22,0.709267,0.7764959294599034,0.06482399999999999,0.04180345355411763,-1,diffusion_patch_02.png,57,0.3,437.32,292.64,Yes,No
attack_02,152771,000000152771.jpg,car,3,Yes,0.716489,0.9059454075623739,5,0.716489,0.9059454075623739,Yes,0.461985,0.7729884397461635,4,0.461985,0.7729884397461635,0.25450400000000006,0.13295696781621036,-1,diffusion_patch_02.png,10,0.3,33.79,275.655,Yes,No
attack_02,153011,000000153011.jpg,car,3,Yes,0.633151,0.7810741894854315,15,0.633151,0.7810741894854315,Yes,0.415625,0.9479448632501967,17,0.415625,0.9479448632501967,0.217526,-0.16687067376476517,2,diffusion_patch_02.png,11,0.3,362.33000000000004,235.165,Yes,No
attack_02,155145,000000155145.jpg,person,1,Yes,0.640851,0.8471647937045325,6,0.640851,0.8471647937045325,Yes,0.623401,0.8908578109061484,7,0.623401,0.8908578109061484,0.017449999999999966,-0.04369301720161589,1,diffusion_patch_02.png,8,0.3,131.505,210.3,Yes,No
attack_02,157928,000000157928.jpg,car,3,Yes,0.790102,0.9409684309556342,6,0.790102,0.9409684309556342,Yes,0.796883,0.9410938042398171,6,0.796883,0.9410938042398171,-0.006781000000000037,-0.00012537328418293914,0,diffusion_patch_02.png,33,0.3,54.46,173.425,Yes,No
attack_02,158956,000000158956.jpg,person,1,Yes,0.916647,0.9764186161652474,2,0.916647,0.9764186161652474,Yes,0.931861,0.9673636226733057,2,0.931861,0.9673636226733057,-0.01521400000000006,0.00905499349194172,0,diffusion_patch_02.png,97,0.3,330.92499999999995,228.73499999999999,Yes,No
attack_02,160012,000000160012.jpg,car,3,Yes,0.748197,0.8303527776902191,6,0.748197,0.8303527776902191,Yes,0.762819,0.5075929369071196,5,0.762819,0.5075929369071196,-0.014622000000000024,0.3227598407830995,-1,diffusion_patch_02.png,20,0.3,560.64,39.49,Yes,No
attack_02,161609,000000161609.jpg,person,1,Yes,0.818511,0.9577294024284496,6,0.818511,0.9577294024284496,Yes,0.805327,0.9593037609469024,6,0.805327,0.9593037609469024,0.013183999999999974,-0.0015743585184527786,0,diffusion_patch_02.png,109,0.3,459.145,271.645,Yes,No
attack_02,161781,000000161781.jpg,person,1,Yes,0.941774,0.9724100351815624,3,0.941774,0.9724100351815624,Yes,0.935147,0.9685611943013314,3,0.935147,0.9685611943013314,0.0066270000000000495,0.0038488408802310747,0,diffusion_patch_02.png,62,0.3,363.445,191.89,Yes,No
attack_02,162858,000000162858.jpg,car,3,Yes,0.881264,0.9476078810087463,14,0.881264,0.9476078810087463,Yes,0.889204,0.9452054579045144,14,0.889204,0.9452054579045144,-0.007939999999999947,0.0024024231042318878,0,diffusion_patch_02.png,40,0.3,129.305,411.19,Yes,No
attack_02,166391,000000166391.jpg,car,3,Yes,0.512845,0.9236275657862918,25,0.512845,0.9236275657862918,No,0.0,0.0,23,0.81644,0.0,0.512845,0.9236275657862918,-2,diffusion_patch_02.png,14,0.3,608.71,358.95500000000004,Yes,Yes
attack_02,167067,000000167067.jpg,person,1,Yes,0.882833,0.9802965744086758,2,0.882833,0.9802965744086758,Yes,0.725099,0.9128949130572113,3,0.725099,0.9128949130572113,0.15773399999999993,0.06740166135146453,1,diffusion_patch_02.png,111,0.3,189.185,246.63,Yes,No
attack_02,171382,000000171382.jpg,car,3,Yes,0.432245,0.9557686281134414,28,0.432245,0.9557686281134414,Yes,0.307356,0.9566206502765391,25,0.307356,0.9566206502765391,0.12488899999999997,-0.0008520221630976543,-3,diffusion_patch_02.png,31,0.3,137.71,226.435,Yes,No
attack_02,172330,000000172330.jpg,car,3,Yes,0.870233,0.9274232597583022,5,0.870233,0.9274232597583022,Yes,0.802956,0.906034891820199,5,0.802956,0.906034891820199,0.06727700000000003,0.02138836793810317,0,diffusion_patch_02.png,93,0.3,350.56,156.405,Yes,No
attack_02,173799,000000173799.jpg,person,1,Yes,0.916044,0.9715241693342386,19,0.916044,0.9715241693342386,Yes,0.915526,0.9783066829983287,20,0.915526,0.9783066829983287,0.0005180000000000184,-0.006782513664090106,1,diffusion_patch_02.png,50,0.3,91.845,346.195,Yes,No
attack_02,174123,000000174123.jpg,person,1,Yes,0.732819,0.9819854694272343,4,0.732819,0.9819854694272343,Yes,0.579571,0.9727214369959633,4,0.579571,0.9727214369959633,0.15324800000000005,0.009264032431271052,0,diffusion_patch_02.png,16,0.3,192.74,372.385,Yes,No
attack_02,174482,000000174482.jpg,car,3,Yes,0.865931,0.922201213448699,7,0.865931,0.922201213448699,Yes,0.869477,0.9173087023120173,7,0.869477,0.9173087023120173,-0.003546000000000049,0.004892511136681654,0,diffusion_patch_02.png,13,0.3,194.45,93.69500000000001,Yes,No
attack_02,175438,000000175438.jpg,car,3,No,0.0,0.0,19,0.465792,0.06571778214859694,No,0.0,0.0,18,0.458156,0.06392880362103236,0.0,0.0,-1,diffusion_patch_02.png,12,0.3,255.0,225.0,No,No
attack_02,176606,000000176606.jpg,car,3,Yes,0.589564,0.9593166015869863,2,0.589564,0.9593166015869863,Yes,0.704578,0.9487432804348611,3,0.704578,0.9487432804348611,-0.11501400000000006,0.01057332115212517,1,diffusion_patch_02.png,16,0.3,95.92,222.28,Yes,No
attack_02,177489,000000177489.jpg,person,1,Yes,0.914591,0.9583032437110733,11,0.914591,0.9583032437110733,Yes,0.921634,0.9541697371949673,11,0.921634,0.9541697371949673,-0.0070429999999999104,0.004133506516106,0,diffusion_patch_02.png,87,0.3,204.63,295.46500000000003,Yes,No
attack_02,177893,000000177893.jpg,car,3,No,0.0,0.0,2,0.361521,0.0,No,0.0,0.0,2,0.358035,0.0,0.0,0.0,0,diffusion_patch_02.png,7,0.3,597.26,210.785,No,No
attack_02,181499,000000181499.jpg,person,1,Yes,0.376848,0.9311467974495277,3,0.376848,0.9311467974495277,No,0.0,0.0,2,0.0,0.0,0.376848,0.9311467974495277,-1,diffusion_patch_02.png,36,0.3,227.68,444.40500000000003,Yes,Yes
attack_02,181542,000000181542.jpg,car,3,Yes,0.861986,0.9318717558403097,19,0.861986,0.9318717558403097,Yes,0.862294,0.9075340730267462,19,0.862294,0.9075340730267462,-0.00030799999999997496,0.02433768281356352,0,diffusion_patch_02.png,22,0.3,61.955000000000005,166.3,Yes,No
attack_02,182155,000000182155.jpg,person,1,Yes,0.83333,0.6308826639491706,11,0.83333,0.6308826639491706,Yes,0.312512,0.9677177496778807,8,0.312512,0.9677177496778807,0.520818,-0.3368350857287101,-3,diffusion_patch_02.png,120,0.3,343.67,221.58,Yes,No
attack_02,188296,000000188296.jpg,car,3,Yes,0.524643,0.9350293843193144,8,0.524643,0.9350293843193144,Yes,0.331517,0.9336895218808761,9,0.331517,0.9336895218808761,0.19312599999999996,0.0013398624384383107,1,diffusion_patch_02.png,30,0.3,60.214999999999996,338.48499999999996,Yes,No
attack_02,191845,000000191845.jpg,person,1,No,0.0,0.0,43,0.648373,0.03246773119995825,No,0.0,0.0,40,0.648783,0.032251574353037736,0.0,0.0,-3,diffusion_patch_02.png,108,0.3,319.5,180.0,No,No
attack_02,193717,000000193717.jpg,car,3,Yes,0.329352,0.9381606177941323,12,0.329352,0.9381606177941323,No,0.0,0.0,12,0.626777,0.0,0.329352,0.9381606177941323,0,diffusion_patch_02.png,12,0.3,20.475,197.85500000000002,Yes,Yes
attack_02,194716,000000194716.jpg,car,3,Yes,0.400783,0.7008824673446333,5,0.400783,0.7008824673446333,Yes,0.387123,0.6843629590470521,5,0.387123,0.6843629590470521,0.013660000000000005,0.016519508297581198,0,diffusion_patch_02.png,9,0.3,592.275,15.57,Yes,No
attack_02,206487,000000206487.jpg,car,3,Yes,0.9496,0.8722401821197,6,0.9496,0.8722401821197,Yes,0.955813,0.8709530679966004,6,0.955813,0.8709530679966004,-0.006213000000000024,0.0012871141230995642,0,diffusion_patch_02.png,72,0.3,119.855,344.59000000000003,Yes,No
attack_02,207844,000000207844.jpg,person,1,No,0.0,0.0,34,0.379267,0.056526050754774786,No,0.0,0.0,33,0.436653,0.05694862504093642,0.0,0.0,-1,diffusion_patch_02.png,54,0.3,331.0,317.5,No,No
attack_02,213255,000000213255.jpg,car,3,Yes,0.924842,0.9003213670057884,8,0.924842,0.9003213670057884,Yes,0.933261,0.893022665615735,8,0.933261,0.893022665615735,-0.008418999999999954,0.007298701390053397,0,diffusion_patch_02.png,25,0.3,268.79499999999996,177.63,Yes,No
attack_02,213605,000000213605.jpg,car,3,Yes,0.902144,0.9689283491295786,4,0.902144,0.9689283491295786,Yes,0.88745,0.9668119910237457,4,0.88745,0.9668119910237457,0.014693999999999985,0.002116358105832883,0,diffusion_patch_02.png,36,0.3,419.43,518.875,Yes,No
attack_02,214539,000000214539.jpg,person,1,No,0.0,0.0,10,0.92146,0.2783677448516291,No,0.0,0.0,10,0.903062,0.2604371319121363,0.0,0.0,0,diffusion_patch_02.png,72,0.3,285.5,174.5,No,No
attack_02,217872,000000217872.jpg,person,1,Yes,0.808478,0.8966376912473037,2,0.808478,0.8966376912473037,Yes,0.82251,0.9575537589261645,2,0.82251,0.9575537589261645,-0.014031999999999933,-0.06091606767886071,0,diffusion_patch_02.png,22,0.3,224.11,205.2,Yes,No
attack_02,220732,000000220732.jpg,car,3,No,0.0,0.0,5,0.0,0.0,No,0.0,0.0,5,0.0,0.0,0.0,0.0,0,diffusion_patch_02.png,13,0.3,538.755,256.925,No,No
attack_02,222094,000000222094.jpg,car,3,No,0.0,0.0,10,0.257849,0.00880609392487613,Yes,0.340942,0.5497125236485295,11,0.340942,0.5497125236485295,-0.340942,-0.5497125236485295,1,diffusion_patch_02.png,8,0.3,66.78,228.85999999999999,No,No
attack_02,225532,000000225532.jpg,car,3,Yes,0.815739,0.8571827320829032,3,0.815739,0.8571827320829032,Yes,0.81646,0.9176695175248911,4,0.81646,0.9176695175248911,-0.0007209999999999717,-0.060486785441987934,1,diffusion_patch_02.png,39,0.3,434.275,285.85,Yes,No
attack_02,227511,000000227511.jpg,car,3,Yes,0.919427,0.9895309258971894,7,0.919427,0.9895309258971894,Yes,0.920894,0.9912663258818529,6,0.920894,0.9912663258818529,-0.001466999999999996,-0.0017353999846635437,-1,diffusion_patch_02.png,26,0.3,145.97500000000002,330.945,Yes,No
attack_02,228436,000000228436.jpg,car,3,No,0.0,0.0,20,0.321297,0.03323051860997263,No,0.0,0.0,16,0.467543,0.0,0.0,0.0,-4,diffusion_patch_02.png,14,0.3,409.0,147.5,No,No
attack_02,230819,000000230819.jpg,person,1,Yes,0.901378,0.9578535510981749,3,0.901378,0.9578535510981749,Yes,0.907652,0.9473505699107952,3,0.907652,0.9473505699107952,-0.006274000000000002,0.01050298118737969,0,diffusion_patch_02.png,24,0.3,242.38,213.98499999999999,Yes,No
attack_02,236599,000000236599.jpg,person,1,Yes,0.723724,0.8354319780252635,17,0.723724,0.8354319780252635,Yes,0.599972,0.7728970050015043,14,0.599972,0.7728970050015043,0.12375200000000008,0.06253497302375921,-3,diffusion_patch_02.png,8,0.3,424.49,281.97499999999997,Yes,No
attack_02,237118,000000237118.jpg,person,1,Yes,0.924212,0.956016355079811,3,0.924212,0.956016355079811,Yes,0.918705,0.9523975291236347,4,0.918705,0.9523975291236347,0.00550700000000004,0.0036188259561762415,1,diffusion_patch_02.png,68,0.3,353.005,384.5,Yes,No
attack_02,238410,000000238410.jpg,person,1,Yes,0.554241,0.5664989202739275,26,0.554241,0.5664989202739275,Yes,0.684483,0.5709942820353315,20,0.684483,0.5709942820353315,-0.13024199999999997,-0.004495361761404082,-6,diffusion_patch_02.png,74,0.3,500.33,323.895,Yes,No
attack_02,249180,000000249180.jpg,person,1,Yes,0.804782,0.8184989895600809,2,0.804782,0.8184989895600809,Yes,0.827362,0.814493493892322,2,0.827362,0.814493493892322,-0.022580000000000044,0.004005495667758985,0,diffusion_patch_02.png,18,0.3,170.125,312.53999999999996,Yes,No
attack_02,255917,000000255917.jpg,car,3,No,0.0,0.0,20,0.715504,0.058126225064370374,No,0.0,0.0,20,0.755811,0.049196739891173825,0.0,0.0,0,diffusion_patch_02.png,25,0.3,185.0,295.0,No,No
attack_02,261318,000000261318.jpg,person,1,Yes,0.598208,0.6695486124963493,8,0.598208,0.6695486124963493,Yes,0.513669,0.6778416169904218,7,0.513669,0.6778416169904218,0.08453899999999992,-0.008293004494072442,-1,diffusion_patch_02.png,64,0.3,197.86,378.20000000000005,Yes,No
attack_02,263594,000000263594.jpg,car,3,Yes,0.868975,0.9260732243164485,9,0.868975,0.9260732243164485,Yes,0.855378,0.9276499548027123,10,0.855378,0.9276499548027123,0.013597000000000081,-0.0015767304862638332,1,diffusion_patch_02.png,45,0.3,246.77999999999997,216.32,Yes,No
attack_02,263969,000000263969.jpg,person,1,Yes,0.85291,0.9517370104893634,4,0.85291,0.9517370104893634,Yes,0.773839,0.9412552924565633,6,0.773839,0.9412552924565633,0.07907099999999989,0.01048171803280018,2,diffusion_patch_02.png,124,0.3,431.8,328.985,Yes,No
attack_02,269942,000000269942.jpg,car,3,Yes,0.861943,0.9780441618631963,5,0.861943,0.9780441618631963,Yes,0.879068,0.9801089209115775,5,0.879068,0.9801089209115775,-0.017124999999999946,-0.002064759048381215,0,diffusion_patch_02.png,15,0.3,122.13,484.47499999999997,Yes,No
attack_02,270122,000000270122.jpg,person,1,Yes,0.789444,0.9016471583617701,1,0.789444,0.9016471583617701,Yes,0.750884,0.9225948097086962,1,0.750884,0.9225948097086962,0.03856000000000004,-0.02094765134692611,0,diffusion_patch_02.png,11,0.3,322.285,204.005,Yes,No
attack_02,271997,000000271997.jpg,person,1,Yes,0.844354,0.9753126746669472,2,0.844354,0.9753126746669472,Yes,0.828697,0.9634036221733129,2,0.828697,0.9634036221733129,0.015657000000000032,0.011909052493634276,0,diffusion_patch_02.png,145,0.3,243.375,317.27,Yes,No
attack_02,273198,000000273198.jpg,car,3,No,0.0,0.0,5,0.883134,0.0,No,0.0,0.0,5,0.883743,0.0,0.0,0.0,0,diffusion_patch_02.png,10,0.3,321.835,16.635,No,No
attack_02,275392,000000275392.jpg,person,1,Yes,0.827915,0.5396354057674937,2,0.827915,0.5396354057674937,Yes,0.830062,0.5348583968415559,2,0.830062,0.5348583968415559,-0.00214700000000001,0.004777008925937798,0,diffusion_patch_02.png,60,0.3,239.29500000000002,278.46,Yes,No
attack_02,276720,000000276720.jpg,car,3,Yes,0.600394,0.6930984078392877,6,0.600394,0.6930984078392877,Yes,0.531944,0.688116364586916,8,0.531944,0.688116364586916,0.06845000000000001,0.004982043252371615,2,diffusion_patch_02.png,10,0.3,294.03,299.58,Yes,No
attack_02,277005,000000277005.jpg,person,1,No,0.0,0.0,16,0.796148,0.12329339576620445,No,0.0,0.0,17,0.803237,0.1232388146307489,0.0,0.0,1,diffusion_patch_02.png,23,0.3,257.0,291.0,No,No
attack_02,278705,000000278705.jpg,car,3,Yes,0.813368,0.9437880911718336,7,0.813368,0.9437880911718336,Yes,0.775845,0.9485311326635447,7,0.775845,0.9485311326635447,0.03752299999999997,-0.00474304149171112,0,diffusion_patch_02.png,41,0.3,161.79999999999998,203.595,Yes,No
attack_02,279714,000000279714.jpg,car,3,Yes,0.946296,0.937797070087146,1,0.946296,0.937797070087146,Yes,0.949988,0.9401394442828686,1,0.949988,0.9401394442828686,-0.0036920000000000286,-0.002342374195722585,0,diffusion_patch_02.png,52,0.3,323.46,519.87,Yes,No
attack_02,284725,000000284725.jpg,car,3,Yes,0.904658,0.9641654940413455,7,0.904658,0.9641654940413455,Yes,0.904421,0.9627742138245846,8,0.904421,0.9627742138245846,0.0002369999999999317,0.0013912802167609373,1,diffusion_patch_02.png,26,0.3,262.925,333.225,Yes,No
attack_02,289594,000000289594.jpg,person,1,Yes,0.857591,0.8775839834174963,2,0.857591,0.8775839834174963,Yes,0.860598,0.8712916116094256,2,0.860598,0.8712916116094256,-0.003006999999999982,0.00629237180807074,0,diffusion_patch_02.png,20,0.3,369.43,346.59499999999997,Yes,No
attack_02,291619,000000291619.jpg,person,1,Yes,0.930608,0.8771616635223763,5,0.930608,0.8771616635223763,Yes,0.916956,0.8815899253633781,4,0.916956,0.8815899253633781,0.013651999999999997,-0.004428261841001757,-1,diffusion_patch_02.png,30,0.3,180.76,225.66500000000002,Yes,No
attack_02,292236,000000292236.jpg,person,1,Yes,0.887781,0.9504473451107838,6,0.887781,0.9504473451107838,Yes,0.896404,0.9620013801699757,7,0.896404,0.9620013801699757,-0.008622999999999936,-0.011554035059191947,1,diffusion_patch_02.png,33,0.3,157.27499999999998,288.315,Yes,No
attack_02,295478,000000295478.jpg,person,1,Yes,0.874053,0.9574711960752804,2,0.874053,0.9574711960752804,Yes,0.887318,0.9562858815689618,2,0.887318,0.9562858815689618,-0.013265000000000082,0.0011853145063186465,0,diffusion_patch_02.png,59,0.3,249.93,325.42,Yes,No
attack_02,295809,000000295809.jpg,car,3,Yes,0.45997,0.9609017787680554,15,0.45997,0.9609017787680554,Yes,0.468181,0.9751866027709525,14,0.468181,0.9751866027709525,-0.008211000000000024,-0.0142848240028971,-1,diffusion_patch_02.png,11,0.3,100.81,122.08500000000001,Yes,No
attack_02,296649,000000296649.jpg,car,3,Yes,0.83384,0.9329492244674713,17,0.83384,0.9329492244674713,Yes,0.85621,0.9381445886783581,20,0.85621,0.9381445886783581,-0.02237,-0.005195364210886844,3,diffusion_patch_02.png,28,0.3,533.955,375.885,Yes,No
attack_02,296657,000000296657.jpg,person,1,Yes,0.906671,0.9803968209568427,6,0.906671,0.9803968209568427,Yes,0.883443,0.9811324347408725,7,0.883443,0.9811324347408725,0.023228000000000026,-0.0007356137840298649,1,diffusion_patch_02.png,57,0.3,249.515,211.72500000000002,Yes,No
attack_02,302107,000000302107.jpg,person,1,Yes,0.929202,0.9805265540816862,6,0.929202,0.9805265540816862,Yes,0.926566,0.9656936509771151,4,0.926566,0.9656936509771151,0.0026359999999999717,0.014832903104571082,-2,diffusion_patch_02.png,76,0.3,219.595,347.09,Yes,No
attack_02,303566,000000303566.jpg,car,3,No,0.0,0.0,19,0.0,0.0,No,0.0,0.0,20,0.0,0.0,0.0,0.0,1,diffusion_patch_02.png,10,0.3,227.71,104.85499999999999,No,No
attack_02,309964,000000309964.jpg,car,3,Yes,0.645681,0.8951401229194424,5,0.645681,0.8951401229194424,Yes,0.641508,0.9016687281896775,6,0.641508,0.9016687281896775,0.004172999999999982,-0.006528605270235022,1,diffusion_patch_02.png,29,0.3,591.0749999999999,162.485,Yes,No
attack_02,310072,000000310072.jpg,car,3,Yes,0.898636,0.9764681428579685,4,0.898636,0.9764681428579685,Yes,0.888073,0.9796209511893784,4,0.888073,0.9796209511893784,0.010562999999999989,-0.003152808331409962,0,diffusion_patch_02.png,21,0.3,353.265,34.54,Yes,No
attack_02,310862,000000310862.jpg,person,1,Yes,0.826451,0.9279145232506736,2,0.826451,0.9279145232506736,Yes,0.709777,0.9431402889976526,5,0.709777,0.9431402889976526,0.11667400000000006,-0.015225765746978981,3,diffusion_patch_02.png,172,0.3,291.56,303.25,Yes,No
attack_02,312192,000000312192.jpg,person,1,No,0.0,0.0,12,0.335532,0.18061594633663902,No,0.0,0.0,12,0.320355,0.18044198357964233,0.0,0.0,0,diffusion_patch_02.png,64,0.3,468.985,117.83500000000001,No,No
attack_02,315187,000000315187.jpg,car,3,Yes,0.817813,0.9388741039512539,5,0.817813,0.9388741039512539,Yes,0.828763,0.9422574620549988,5,0.828763,0.9422574620549988,-0.010950000000000015,-0.0033833581037449045,0,diffusion_patch_02.png,15,0.3,257.925,375.945,Yes,No
attack_02,315450,000000315450.jpg,car,3,Yes,0.902572,0.9198683274958587,6,0.902572,0.9198683274958587,Yes,0.900281,0.9155274094484653,6,0.900281,0.9155274094484653,0.002291000000000043,0.004340918047393338,0,diffusion_patch_02.png,21,0.3,98.72,264.855,Yes,No
attack_02,322864,000000322864.jpg,car,3,Yes,0.658206,0.6923665350159397,7,0.658206,0.6923665350159397,Yes,0.263045,0.9079446126454271,8,0.263045,0.9079446126454271,0.395161,-0.21557807762948744,1,diffusion_patch_02.png,65,0.3,213.5,487.945,Yes,No
attack_02,323571,000000323571.jpg,car,3,No,0.0,0.0,6,0.834892,0.0,No,0.0,0.0,8,0.334899,0.4921881771777688,0.0,0.0,2,diffusion_patch_02.png,11,0.3,112.725,611.2,No,No
attack_02,324158,000000324158.jpg,car,3,No,0.0,0.0,9,0.670813,0.0,No,0.0,0.0,10,0.611633,0.0,0.0,0.0,1,diffusion_patch_02.png,5,0.3,115.05000000000001,180.34,No,No
attack_02,326541,000000326541.jpg,car,3,No,0.0,0.0,7,0.0,0.0,No,0.0,0.0,7,0.0,0.0,0.0,0.0,0,diffusion_patch_02.png,26,0.3,288.75,312.18499999999995,No,No
attack_02,326627,000000326627.jpg,car,3,Yes,0.83672,0.9367285303033382,7,0.83672,0.9367285303033382,Yes,0.785586,0.9423512199404807,7,0.785586,0.9423512199404807,0.05113400000000001,-0.0056226896371424084,0,diffusion_patch_02.png,12,0.3,317.875,417.33,Yes,No
attack_02,327617,000000327617.jpg,person,1,Yes,0.862518,0.8590368518665106,2,0.862518,0.8590368518665106,Yes,0.830935,0.8511026295384074,3,0.830935,0.8511026295384074,0.03158300000000003,0.007934222328103147,1,diffusion_patch_02.png,57,0.3,157.485,368.18,Yes,No
attack_02,331604,000000331604.jpg,person,1,Yes,0.80719,0.8405528181518672,3,0.80719,0.8405528181518672,Yes,0.818968,0.8550350899598812,3,0.818968,0.8550350899598812,-0.011778000000000066,-0.01448227180801398,0,diffusion_patch_02.png,21,0.3,330.65,220.58499999999998,Yes,No
attack_02,333402,000000333402.jpg,person,1,Yes,0.91067,0.9704254401315711,3,0.91067,0.9704254401315711,Yes,0.91121,0.9690096880316811,3,0.91121,0.9690096880316811,-0.0005399999999999849,0.0014157520998899775,0,diffusion_patch_02.png,26,0.3,520.325,279.79499999999996,Yes,No
attack_02,334006,000000334006.jpg,car,3,Yes,0.580439,0.9578938998989007,5,0.580439,0.9578938998989007,Yes,0.5833,0.962275006925901,5,0.5833,0.962275006925901,-0.0028610000000000024,-0.004381107027000231,0,diffusion_patch_02.png,36,0.3,90.19,270.085,Yes,No
attack_02,334309,000000334309.jpg,car,3,Yes,0.59564,0.8968321739647029,5,0.59564,0.8968321739647029,Yes,0.640453,0.8798770014347834,6,0.640453,0.8798770014347834,-0.0448130000000001,0.016955172529919516,1,diffusion_patch_02.png,12,0.3,338.0,100.49000000000001,Yes,No
attack_02,334483,000000334483.jpg,person,1,Yes,0.893571,0.9528472596682944,13,0.893571,0.9528472596682944,Yes,0.887064,0.9491722933257556,14,0.887064,0.9491722933257556,0.0065070000000000405,0.0036749663425388324,1,diffusion_patch_02.png,70,0.3,117.16,256.855,Yes,No
attack_02,336232,000000336232.jpg,person,1,Yes,0.844278,0.8640184035717926,33,0.844278,0.8640184035717926,Yes,0.85117,0.869440291118027,34,0.85117,0.869440291118027,-0.006892000000000009,-0.005421887546234405,1,diffusion_patch_02.png,27,0.3,131.45,220.195,Yes,No
attack_02,338219,000000338219.jpg,person,1,No,0.0,0.0,11,0.739462,0.05066953433766315,No,0.0,0.0,11,0.7501,0.05105373781484386,0.0,0.0,0,diffusion_patch_02.png,15,0.3,215.5,175.0,No,No
attack_02,338718,000000338718.jpg,car,3,Yes,0.885386,0.9159645475612518,2,0.885386,0.9159645475612518,Yes,0.851658,0.9128185579440653,2,0.851658,0.9128185579440653,0.03372799999999998,0.0031459896171864843,0,diffusion_patch_02.png,53,0.3,283.0,101.0,Yes,No
attack_02,338986,000000338986.jpg,car,3,Yes,0.665034,0.9128065470555072,4,0.665034,0.9128065470555072,No,0.0,0.0,1,0.0,0.0,0.665034,0.9128065470555072,-3,diffusion_patch_02.png,31,0.3,348.99,574.99,Yes,Yes
attack_02,343803,000000343803.jpg,person,1,Yes,0.916845,0.9845720447984203,2,0.916845,0.9845720447984203,Yes,0.928686,0.9775351949562038,2,0.928686,0.9775351949562038,-0.01184099999999999,0.00703684984221653,0,diffusion_patch_02.png,94,0.3,176.595,372.23,Yes,No
attack_02,344029,000000344029.jpg,car,3,Yes,0.677694,0.8080066049032247,10,0.677694,0.8080066049032247,Yes,0.688893,0.8380863963751506,8,0.688893,0.8380863963751506,-0.011198999999999959,-0.030079791471925854,-2,diffusion_patch_02.png,12,0.3,20.66,247.325,Yes,No
attack_02,344909,000000344909.jpg,car,3,Yes,0.554599,0.9012294444758109,4,0.554599,0.9012294444758109,Yes,0.442161,0.7065790892356126,4,0.442161,0.7065790892356126,0.11243799999999993,0.19465035524019825,0,diffusion_patch_02.png,12,0.3,409.49,216.03,Yes,No
attack_02,345941,000000345941.jpg,person,1,Yes,0.766159,0.8326098273150683,5,0.766159,0.8326098273150683,Yes,0.742602,0.8200039920176769,5,0.742602,0.8200039920176769,0.02355700000000005,0.012605835297391343,0,diffusion_patch_02.png,41,0.3,540.4449999999999,96.395,Yes,No
attack_02,346232,000000346232.jpg,car,3,No,0.0,0.0,13,0.0,0.0,No,0.0,0.0,14,0.0,0.0,0.0,0.0,1,diffusion_patch_02.png,15,0.3,385.53000000000003,341.505,No,No
attack_02,347254,000000347254.jpg,person,1,Yes,0.837853,0.9455716066755402,6,0.837853,0.9455716066755402,Yes,0.896222,0.9393343502049407,6,0.896222,0.9393343502049407,-0.058369000000000004,0.006237256470599473,0,diffusion_patch_02.png,96,0.3,159.91,260.135,Yes,No
attack_02,347370,000000347370.jpg,person,1,Yes,0.420738,0.816972565114441,2,0.420738,0.816972565114441,No,0.0,0.0,1,0.0,0.0,0.420738,0.816972565114441,-1,diffusion_patch_02.png,28,0.3,47.855,203.275,Yes,Yes
attack_02,350003,000000350003.jpg,car,3,Yes,0.861536,0.9571817466864955,6,0.861536,0.9571817466864955,Yes,0.80778,0.9648185052695498,6,0.80778,0.9648185052695498,0.053755999999999915,-0.007636758583054348,0,diffusion_patch_02.png,12,0.3,501.97499999999997,278.70500000000004,Yes,No
attack_02,351530,000000351530.jpg,person,1,Yes,0.855921,0.6825665405730645,9,0.855921,0.6825665405730645,Yes,0.812384,0.6430776292960695,10,0.812384,0.6430776292960695,0.04353700000000005,0.03948891127699505,1,diffusion_patch_02.png,49,0.3,217.07999999999998,195.005,Yes,No
attack_02,355325,000000355325.jpg,person,1,No,0.0,0.0,8,0.367453,0.1373876106338346,No,0.0,0.0,8,0.0,0.0,0.0,0.0,0,diffusion_patch_02.png,38,0.3,415.21000000000004,73.13999999999999,No,No
attack_02,356169,000000356169.jpg,car,3,No,0.0,0.0,6,0.72511,0.0,No,0.0,0.0,6,0.738292,0.0,0.0,0.0,0,diffusion_patch_02.png,11,0.3,40.22,335.875,No,No
attack_02,356424,000000356424.jpg,car,3,Yes,0.367675,0.953976782388317,13,0.367675,0.953976782388317,Yes,0.453067,0.9515051986796281,12,0.453067,0.9515051986796281,-0.08539200000000002,0.0024715837086888293,-1,diffusion_patch_02.png,10,0.3,356.83,210.32500000000002,Yes,No
attack_02,357459,000000357459.jpg,person,1,No,0.0,0.0,2,0.0,0.0,No,0.0,0.0,3,0.0,0.0,0.0,0.0,1,diffusion_patch_02.png,51,0.3,86.36,237.01,No,No
attack_02,357737,000000357737.jpg,car,3,Yes,0.90316,0.946956252288589,6,0.90316,0.946956252288589,Yes,0.882195,0.9404210875804974,6,0.882195,0.9404210875804974,0.02096500000000001,0.006535164708091679,0,diffusion_patch_02.png,43,0.3,231.06,185.135,Yes,No
attack_02,365207,000000365207.jpg,car,3,Yes,0.617426,0.5430752687671914,3,0.617426,0.5430752687671914,Yes,0.726801,0.5002189618320543,2,0.726801,0.5002189618320543,-0.109375,0.04285630693513709,-1,diffusion_patch_02.png,53,0.3,506.08000000000004,348.175,Yes,No
attack_02,365642,000000365642.jpg,car,3,No,0.0,0.0,7,0.697823,0.0,No,0.0,0.0,7,0.665567,0.0,0.0,0.0,0,diffusion_patch_02.png,20,0.3,46.65,60.004999999999995,No,No
attack_02,368335,000000368335.jpg,car,3,Yes,0.735976,0.8898920543616883,7,0.735976,0.8898920543616883,Yes,0.734141,0.8915579734596442,5,0.734141,0.8915579734596442,0.00183499999999992,-0.0016659190979558813,-2,diffusion_patch_02.png,37,0.3,62.699999999999996,306.31,Yes,No
attack_02,368752,000000368752.jpg,person,1,Yes,0.801283,0.9526973984144494,9,0.801283,0.9526973984144494,Yes,0.818287,0.9952057515122588,8,0.818287,0.9952057515122588,-0.01700400000000002,-0.042508353097809315,-1,diffusion_patch_02.png,75,0.3,124.71,203.795,Yes,No
attack_02,372260,000000372260.jpg,car,3,Yes,0.920146,0.9451727287771546,5,0.920146,0.9451727287771546,Yes,0.898406,0.948802890336984,6,0.898406,0.948802890336984,0.02173999999999998,-0.0036301615598293147,1,diffusion_patch_02.png,35,0.3,58.815,421.075,Yes,No
attack_02,379800,000000379800.jpg,car,3,Yes,0.768162,0.8490060749157295,4,0.768162,0.8490060749157295,Yes,0.4297,0.812847840560794,6,0.4297,0.812847840560794,0.338462,0.03615823435493559,2,diffusion_patch_02.png,17,0.3,601.435,347.87,Yes,No
attack_02,382111,000000382111.jpg,car,3,No,0.0,0.0,10,0.331285,0.29022002415944825,No,0.0,0.0,8,0.549702,0.23108984284097148,0.0,0.0,-2,diffusion_patch_02.png,10,0.3,53.145,141.415,No,No
attack_02,383289,000000383289.jpg,car,3,Yes,0.798803,0.7431828986964424,5,0.798803,0.7431828986964424,Yes,0.74431,0.7433530483158902,5,0.74431,0.7433530483158902,0.054493000000000014,-0.0001701496194478347,0,diffusion_patch_02.png,81,0.3,175.105,299.15999999999997,Yes,No
attack_02,385029,000000385029.jpg,person,1,Yes,0.296063,0.9951020456221895,11,0.296063,0.9951020456221895,No,0.0,0.0,11,0.0,0.0,0.296063,0.9951020456221895,0,diffusion_patch_02.png,51,0.3,136.45,393.70500000000004,Yes,Yes
attack_02,391140,000000391140.jpg,person,1,Yes,0.945712,0.94579610584378,3,0.945712,0.94579610584378,Yes,0.939912,0.9351243808814345,3,0.939912,0.9351243808814345,0.005800000000000027,0.010671724962345586,0,diffusion_patch_02.png,94,0.3,239.45999999999998,280.45000000000005,Yes,No
attack_02,391290,000000391290.jpg,car,3,Yes,0.675092,0.8271870056531152,8,0.675092,0.8271870056531152,Yes,0.524457,0.7538111191874477,9,0.524457,0.7538111191874477,0.15063500000000007,0.0733758864656675,1,diffusion_patch_02.png,15,0.3,179.525,73.965,Yes,No
attack_02,392722,000000392722.jpg,car,3,No,0.0,0.0,13,0.337162,0.37206136240576565,No,0.0,0.0,13,0.269442,0.28749154265450383,0.0,0.0,0,diffusion_patch_02.png,8,0.3,333.96,281.59000000000003,No,No
attack_02,393093,000000393093.jpg,car,3,Yes,0.751928,0.9418535031675658,10,0.751928,0.9418535031675658,No,0.0,0.0,9,0.617022,0.0,0.751928,0.9418535031675658,-1,diffusion_patch_02.png,14,0.3,320.44,378.255,Yes,Yes
attack_02,393226,000000393226.jpg,person,1,Yes,0.9012,0.975444083723701,10,0.9012,0.975444083723701,Yes,0.905332,0.9744295350972718,9,0.905332,0.9744295350972718,-0.0041320000000000245,0.0010145486264291348,-1,diffusion_patch_02.png,18,0.3,124.17,265.54499999999996,Yes,No
attack_02,397133,000000397133.jpg,person,1,Yes,0.888955,0.9597861322699177,20,0.888955,0.9597861322699177,Yes,0.89026,0.9570037882957266,18,0.89026,0.9570037882957266,-0.0013050000000000006,0.0027823439741910816,-2,diffusion_patch_02.png,33,0.3,443.365,208.73000000000002,Yes,No
attack_02,398237,000000398237.jpg,person,1,Yes,0.864384,0.9384653480878584,5,0.864384,0.9384653480878584,Yes,0.876628,0.9373380640509937,5,0.876628,0.9373380640509937,-0.012243999999999922,0.0011272840368646841,0,diffusion_patch_02.png,37,0.3,336.10999999999996,243.865,Yes,No
attack_02,400367,000000400367.jpg,car,3,Yes,0.921299,0.9205493376159531,11,0.921299,0.9205493376159531,Yes,0.928487,0.9222412156657012,11,0.928487,0.9222412156657012,-0.007187999999999972,-0.001691878049748019,0,diffusion_patch_02.png,24,0.3,69.655,281.295,Yes,No
attack_02,400573,000000400573.jpg,person,1,Yes,0.884745,0.9814193261088705,2,0.884745,0.9814193261088705,Yes,0.896848,0.9588147109014131,1,0.896848,0.9588147109014131,-0.012102999999999975,0.02260461520745738,-1,diffusion_patch_02.png,144,0.3,240.72,316.025,Yes,No
attack_02,402118,000000402118.jpg,person,1,Yes,0.94091,0.9647343148463428,2,0.94091,0.9647343148463428,Yes,0.937496,0.967668998971371,2,0.937496,0.967668998971371,0.003414000000000028,-0.0029346841250282862,0,diffusion_patch_02.png,74,0.3,335.155,188.53,Yes,No
attack_02,402774,000000402774.jpg,person,1,Yes,0.902194,0.9692467302141459,3,0.902194,0.9692467302141459,Yes,0.909792,0.9679979062680498,3,0.909792,0.9679979062680498,-0.007597999999999994,0.0012488239460960449,0,diffusion_patch_02.png,45,0.3,202.32999999999998,390.48,Yes,No
attack_02,404484,000000404484.jpg,person,1,No,0.0,0.0,5,0.0,0.0,No,0.0,0.0,5,0.0,0.0,0.0,0.0,0,diffusion_patch_02.png,25,0.3,219.45999999999998,65.405,No,No
attack_02,406129,000000406129.jpg,person,1,Yes,0.902228,0.8997263397018376,3,0.902228,0.8997263397018376,Yes,0.915682,0.8962493640013572,3,0.915682,0.8962493640013572,-0.013453999999999966,0.0034769757004803337,0,diffusion_patch_02.png,60,0.3,263.32,373.33500000000004,Yes,No
attack_02,407083,000000407083.jpg,car,3,Yes,0.353103,0.8382559394009172,4,0.353103,0.8382559394009172,No,0.0,0.0,5,0.0,0.0,0.353103,0.8382559394009172,1,diffusion_patch_02.png,144,0.3,240.0,313.35,Yes,Yes
attack_02,408774,000000408774.jpg,person,1,Yes,0.836754,0.9262691605894755,6,0.836754,0.9262691605894755,Yes,0.828839,0.9309296332864833,6,0.828839,0.9309296332864833,0.007915000000000005,-0.004660472697007756,0,diffusion_patch_02.png,9,0.3,16.465,219.63,Yes,No
attack_02,410456,000000410456.jpg,person,1,Yes,0.889285,0.8905029931984313,12,0.889285,0.8905029931984313,Yes,0.88175,0.9193626013412101,11,0.88175,0.9193626013412101,0.007534999999999958,-0.02885960814277877,-1,diffusion_patch_02.png,39,0.3,114.025,221.35500000000002,Yes,No
attack_02,411938,000000411938.jpg,person,1,Yes,0.268489,0.8826517559982333,16,0.268489,0.8826517559982333,Yes,0.573462,0.8928587423744735,15,0.573462,0.8928587423744735,-0.30497300000000005,-0.010206986376240179,-1,diffusion_patch_02.png,47,0.3,341.79,288.77,Yes,No
attack_02,413689,000000413689.jpg,car,3,Yes,0.53178,0.7598480542766571,16,0.53178,0.7598480542766571,No,0.0,0.0,16,0.661852,0.4545990281860363,0.53178,0.7598480542766571,0,diffusion_patch_02.png,7,0.3,27.88,156.18,Yes,Yes
attack_02,417779,000000417779.jpg,car,3,Yes,0.692829,0.869696584855727,4,0.692829,0.869696584855727,Yes,0.5633,0.8642160644961282,4,0.5633,0.8642160644961282,0.129529,0.005480520359598784,0,diffusion_patch_02.png,13,0.3,228.745,122.46000000000001,Yes,No
attack_02,418696,000000418696.jpg,car,3,Yes,0.651785,0.6902133372358392,7,0.651785,0.6902133372358392,Yes,0.497613,0.642603380996606,7,0.497613,0.642603380996606,0.15417199999999992,0.04760995623923325,0,diffusion_patch_02.png,10,0.3,551.97,292.0,Yes,No
attack_02,420840,000000420840.jpg,person,1,Yes,0.878645,0.9408044762464475,2,0.878645,0.9408044762464475,Yes,0.864358,0.9510645542571473,2,0.864358,0.9510645542571473,0.01428700000000005,-0.010260078010699836,0,diffusion_patch_02.png,85,0.3,319.66499999999996,212.475,Yes,No
attack_02,421455,000000421455.jpg,person,1,No,0.0,0.0,1,0.0,0.0,No,0.0,0.0,3,0.326139,0.37820115010660704,0.0,0.0,2,diffusion_patch_02.png,51,0.3,131.33499999999998,227.195,No,No
attack_02,424521,000000424521.jpg,person,1,Yes,0.917725,0.9795191592054966,2,0.917725,0.9795191592054966,Yes,0.908831,0.9738568410998887,2,0.908831,0.9738568410998887,0.008893999999999957,0.005662318105607911,0,diffusion_patch_02.png,40,0.3,112.355,220.42000000000002,Yes,No
attack_02,425226,000000425226.jpg,person,1,Yes,0.899982,0.9502694650446666,13,0.899982,0.9502694650446666,Yes,0.89741,0.9585517966209234,12,0.89741,0.9585517966209234,0.0025719999999999077,-0.008282331576256796,-1,diffusion_patch_02.png,90,0.3,223.64,392.27,Yes,No
attack_02,427655,000000427655.jpg,car,3,Yes,0.519345,0.6961880373921164,8,0.519345,0.6961880373921164,Yes,0.465658,0.8149739755645916,8,0.465658,0.8149739755645916,0.05368699999999993,-0.11878593817247518,0,diffusion_patch_02.png,12,0.3,253.85999999999999,243.93,Yes,No
attack_02,429690,000000429690.jpg,person,1,Yes,0.934212,0.9729545996721842,15,0.934212,0.9729545996721842,Yes,0.955483,0.9671742065140646,14,0.955483,0.9671742065140646,-0.02127099999999993,0.005780393158119623,-1,diffusion_patch_02.png,67,0.3,113.705,213.5,Yes,No
attack_02,430048,000000430048.jpg,car,3,No,0.0,0.0,1,0.0,0.0,No,0.0,0.0,1,0.0,0.0,0.0,0.0,0,diffusion_patch_02.png,12,0.3,255.33499999999998,255.5,No,No
attack_02,430377,000000430377.jpg,person,1,Yes,0.890707,0.8982037063806046,3,0.890707,0.8982037063806046,Yes,0.906432,0.9030471392793015,3,0.906432,0.9030471392793015,-0.01572499999999999,-0.00484343289869682,0,diffusion_patch_02.png,55,0.3,174.745,301.66,Yes,No
attack_02,431545,000000431545.jpg,person,1,Yes,0.918914,0.9609549767849537,4,0.918914,0.9609549767849537,Yes,0.920082,0.9614704389246124,3,0.920082,0.9614704389246124,-0.0011679999999999469,-0.0005154621396586956,-1,diffusion_patch_02.png,29,0.3,189.955,186.13,Yes,No
attack_02,436617,000000436617.jpg,person,1,Yes,0.8907,0.9682442584055087,26,0.8907,0.9682442584055087,Yes,0.876841,0.9629129503835534,24,0.876841,0.9629129503835534,0.013859000000000066,0.00533130802195525,-2,diffusion_patch_02.png,59,0.3,157.10999999999999,300.21,Yes,No
attack_02,441553,000000441553.jpg,person,1,No,0.0,0.0,17,0.532725,0.12048178297241731,No,0.0,0.0,16,0.606985,0.1162085570143776,0.0,0.0,-1,diffusion_patch_02.png,48,0.3,424.5,304.0,No,No
attack_02,443426,000000443426.jpg,person,1,Yes,0.868605,0.8209326038983374,2,0.868605,0.8209326038983374,Yes,0.922977,0.9180844729895757,2,0.922977,0.9180844729895757,-0.05437200000000009,-0.0971518690912383,0,diffusion_patch_02.png,128,0.3,250.01999999999998,417.5,Yes,No
attack_02,447314,000000447314.jpg,person,1,Yes,0.906935,0.9592478805614298,7,0.906935,0.9592478805614298,Yes,0.9103,0.958719919766127,7,0.9103,0.958719919766127,-0.0033649999999999514,0.0005279607953028176,0,diffusion_patch_02.png,40,0.3,154.895,313.91,Yes,No
attack_02,449312,000000449312.jpg,car,3,No,0.0,0.0,5,0.273901,0.0,No,0.0,0.0,6,0.337288,0.0,0.0,0.0,1,diffusion_patch_02.png,30,0.3,401.605,102.19,No,No
attack_02,451155,000000451155.jpg,person,1,No,0.0,0.0,3,0.280951,0.46077379354783665,No,0.0,0.0,1,0.0,0.0,0.0,0.0,-2,diffusion_patch_02.png,42,0.3,307.905,320.96000000000004,No,No
attack_02,451714,000000451714.jpg,person,1,Yes,0.880629,0.9571210661419429,4,0.880629,0.9571210661419429,Yes,0.883575,0.9614325379634036,4,0.883575,0.9614325379634036,-0.002946000000000004,-0.004311471821460633,0,diffusion_patch_02.png,42,0.3,249.715,335.1,Yes,No
attack_02,453841,000000453841.jpg,car,3,Yes,0.941486,0.9281318100162905,15,0.941486,0.9281318100162905,Yes,0.935634,0.9310288363716451,15,0.935634,0.9310288363716451,0.005852000000000079,-0.002897026355354604,0,diffusion_patch_02.png,50,0.3,301.505,244.72000000000003,Yes,No
attack_02,454661,000000454661.jpg,car,3,Yes,0.85897,0.9786535393853754,11,0.85897,0.9786535393853754,Yes,0.900445,0.9806958414109744,10,0.900445,0.9806958414109744,-0.04147500000000004,-0.0020423020255990743,-1,diffusion_patch_02.png,52,0.3,443.49,272.69,Yes,No
attack_02,455219,000000455219.jpg,person,1,Yes,0.82335,0.9563897729530045,6,0.82335,0.9563897729530045,Yes,0.843487,0.9729716945091338,5,0.843487,0.9729716945091338,-0.02013699999999996,-0.016581921556129253,-1,diffusion_patch_02.png,22,0.3,508.64500000000004,286.165,Yes,No
attack_02,461751,000000461751.jpg,car,3,Yes,0.587258,0.7187184719139231,5,0.587258,0.7187184719139231,Yes,0.402993,0.6617396051007411,5,0.402993,0.6617396051007411,0.18426499999999996,0.05697886681318198,0,diffusion_patch_02.png,105,0.3,321.91999999999996,207.145,Yes,No
attack_02,463730,000000463730.jpg,car,3,Yes,0.898663,0.9841017009492088,13,0.898663,0.9841017009492088,Yes,0.880965,0.9821025678254585,13,0.880965,0.9821025678254585,0.01769799999999999,0.0019991331237503296,0,diffusion_patch_02.png,39,0.3,575.83,254.91,Yes,No
attack_02,464824,000000464824.jpg,car,3,No,0.0,0.0,1,0.0,0.0,No,0.0,0.0,1,0.0,0.0,0.0,0.0,0,diffusion_patch_02.png,22,0.3,420.78499999999997,37.36,No,No
attack_02,466986,000000466986.jpg,person,1,Yes,0.901856,0.9712071531996818,3,0.901856,0.9712071531996818,Yes,0.884684,0.9684951297565709,3,0.884684,0.9684951297565709,0.017171999999999965,0.0027120234431108337,0,diffusion_patch_02.png,69,0.3,350.685,296.83500000000004,Yes,No
attack_02,475191,000000475191.jpg,person,1,Yes,0.880201,0.9737607824669798,3,0.880201,0.9737607824669798,Yes,0.880246,0.9669293634106735,3,0.880246,0.9669293634106735,-4.499999999996174e-05,0.006831419056306354,0,diffusion_patch_02.png,72,0.3,301.48,253.01500000000001,Yes,No
attack_02,477805,000000477805.jpg,person,1,Yes,0.465039,0.7673679415149808,1,0.465039,0.7673679415149808,Yes,0.51292,0.7467212433951752,2,0.51292,0.7467212433951752,-0.04788100000000006,0.020646698119805573,1,diffusion_patch_02.png,60,0.3,484.375,199.245,Yes,No
attack_02,480944,000000480944.jpg,car,3,Yes,0.855834,0.9465314225605239,12,0.855834,0.9465314225605239,Yes,0.826044,0.9540110697885047,11,0.826044,0.9540110697885047,0.029789999999999983,-0.007479647227980779,-1,diffusion_patch_02.png,13,0.3,72.295,376.41,Yes,No
attack_02,481413,000000481413.jpg,person,1,Yes,0.929401,0.9773802537272767,2,0.929401,0.9773802537272767,Yes,0.928251,0.9774630250015645,2,0.928251,0.9774630250015645,0.0011499999999999844,-8.277127428779618e-05,0,diffusion_patch_02.png,40,0.3,268.37,218.195,Yes,No
attack_02,486438,000000486438.jpg,person,1,Yes,0.620785,0.8960504712037362,9,0.620785,0.8960504712037362,Yes,0.538345,0.8620453573395227,9,0.538345,0.8620453573395227,0.08244000000000007,0.034005113864213454,0,diffusion_patch_02.png,73,0.3,333.025,121.69,Yes,No
attack_02,491213,000000491213.jpg,car,3,No,0.0,0.0,4,0.520125,0.011262225934452978,No,0.0,0.0,5,0.576499,0.0113013623022717,0.0,0.0,1,diffusion_patch_02.png,49,0.3,181.885,162.615,No,No
attack_02,503755,000000503755.jpg,person,1,Yes,0.926161,0.9643926197844066,2,0.926161,0.9643926197844066,Yes,0.963258,0.9505081926493997,2,0.963258,0.9505081926493997,-0.037096999999999936,0.013884427135006927,0,diffusion_patch_02.png,138,0.3,250.785,355.95500000000004,Yes,No
attack_02,504589,000000504589.jpg,person,1,Yes,0.943928,0.9567429649557946,3,0.943928,0.9567429649557946,Yes,0.945379,0.9547472943574687,3,0.945379,0.9547472943574687,-0.00145099999999998,0.0019956705983258383,0,diffusion_patch_02.png,46,0.3,76.77,498.65500000000003,Yes,No
attack_02,507667,000000507667.jpg,car,3,Yes,0.821377,0.8053659504917173,12,0.821377,0.8053659504917173,Yes,0.826279,0.8041206228058484,13,0.826279,0.8041206228058484,-0.004901999999999962,0.0012453276858689355,1,diffusion_patch_02.png,16,0.3,284.715,37.34,Yes,No
attack_02,507797,000000507797.jpg,car,3,Yes,0.336923,0.7419577040282924,15,0.336923,0.7419577040282924,Yes,0.31247,0.5789036856893384,17,0.31247,0.5789036856893384,0.024452999999999947,0.16305401833895405,2,diffusion_patch_02.png,9,0.3,214.17999999999998,192.245,Yes,No
attack_02,508602,000000508602.jpg,car,3,Yes,0.567152,0.9880048087267165,3,0.567152,0.9880048087267165,Yes,0.403371,0.9850969429753763,3,0.403371,0.9850969429753763,0.163781,0.0029078657513401662,0,diffusion_patch_02.png,52,0.3,250.92499999999998,338.19,Yes,No
attack_02,511076,000000511076.jpg,car,3,No,0.0,0.0,15,0.0,0.0,No,0.0,0.0,15,0.0,0.0,0.0,0.0,0,diffusion_patch_02.png,11,0.3,200.66,133.805,No,No
attack_02,511599,000000511599.jpg,person,1,Yes,0.286308,0.6366654269842812,19,0.286308,0.6366654269842812,Yes,0.362652,0.6317104875164573,19,0.362652,0.6317104875164573,-0.07634399999999997,0.004954939467823882,0,diffusion_patch_02.png,13,0.3,419.73,290.57500000000005,Yes,No
attack_02,514586,000000514586.jpg,car,3,No,0.0,0.0,6,0.0,0.0,No,0.0,0.0,6,0.0,0.0,0.0,0.0,0,diffusion_patch_02.png,10,0.3,294.37,136.535,No,No
attack_02,515266,000000515266.jpg,car,3,Yes,0.431467,0.7369685229769397,4,0.431467,0.7369685229769397,Yes,0.5348,0.7711081519165762,4,0.5348,0.7711081519165762,-0.10333300000000006,-0.03413962893963651,0,diffusion_patch_02.png,7,0.3,616.99,117.735,Yes,No
attack_02,517069,000000517069.jpg,car,3,Yes,0.612639,0.851291563076703,12,0.612639,0.851291563076703,Yes,0.555544,0.8701226118734957,12,0.555544,0.8701226118734957,0.05709500000000001,-0.01883104879679276,0,diffusion_patch_02.png,17,0.3,479.05499999999995,326.85,Yes,No
attack_02,520009,000000520009.jpg,car,3,Yes,0.928509,0.95689321915805,10,0.928509,0.95689321915805,Yes,0.91987,0.9598215550212876,10,0.91987,0.9598215550212876,0.008639000000000063,-0.0029283358632375966,0,diffusion_patch_02.png,23,0.3,108.12,373.2,Yes,No
attack_02,521141,000000521141.jpg,car,3,Yes,0.853076,0.9691802911398303,13,0.853076,0.9691802911398303,Yes,0.821873,0.9694451297363234,11,0.821873,0.9694451297363234,0.03120299999999998,-0.0002648385964930666,-2,diffusion_patch_02.png,10,0.3,339.75,257.465,Yes,No
attack_02,526728,000000526728.jpg,car,3,Yes,0.543633,0.8871287043491412,13,0.543633,0.8871287043491412,Yes,0.529122,0.88455601749837,13,0.529122,0.88455601749837,0.014511000000000052,0.0025726868507711664,0,diffusion_patch_02.png,8,0.3,420.66499999999996,184.91,Yes,No
attack_02,527220,000000527220.jpg,car,3,Yes,0.567127,0.9649473444849205,4,0.567127,0.9649473444849205,No,0.0,0.0,4,0.0,0.0,0.567127,0.9649473444849205,0,diffusion_patch_02.png,46,0.3,84.5,80.75,Yes,Yes
attack_02,528705,000000528705.jpg,person,1,Yes,0.754112,0.5778920504923244,3,0.754112,0.5778920504923244,Yes,0.425089,0.7829091871520603,3,0.425089,0.7829091871520603,0.329023,-0.20501713665973587,0,diffusion_patch_02.png,35,0.3,367.575,559.615,Yes,No
attack_02,530854,000000530854.jpg,person,1,No,0.0,0.0,7,0.0,0.0,No,0.0,0.0,9,0.0,0.0,0.0,0.0,2,diffusion_patch_02.png,11,0.3,101.12,151.695,No,No
attack_02,532855,000000532855.jpg,person,1,Yes,0.881556,0.814018587089302,3,0.881556,0.814018587089302,Yes,0.68323,0.84518304152407,2,0.68323,0.84518304152407,0.198326,-0.031164454434768007,-1,diffusion_patch_02.png,67,0.3,205.90500000000003,113.31,Yes,No
attack_02,534041,000000534041.jpg,person,1,Yes,0.609187,0.8659445038056318,13,0.609187,0.8659445038056318,Yes,0.490716,0.8460612095186263,12,0.490716,0.8460612095186263,0.11847100000000005,0.019883294287005526,-1,diffusion_patch_02.png,83,0.3,361.655,186.235,Yes,No
attack_02,535306,000000535306.jpg,person,1,Yes,0.930677,0.9367278924882168,2,0.930677,0.9367278924882168,Yes,0.941918,0.9389541018515142,2,0.941918,0.9389541018515142,-0.011241000000000057,-0.0022262093632974267,0,diffusion_patch_02.png,62,0.3,219.495,106.175,Yes,No
attack_02,538067,000000538067.jpg,person,1,Yes,0.753672,0.919015051920269,7,0.753672,0.919015051920269,Yes,0.685611,0.9627647281014451,8,0.685611,0.9627647281014451,0.06806100000000004,-0.04374967618117609,1,diffusion_patch_02.png,9,0.3,82.795,328.125,Yes,No
attack_02,542625,000000542625.jpg,car,3,Yes,0.738966,0.9765062102065244,11,0.738966,0.9765062102065244,Yes,0.812122,0.9785334246493593,9,0.812122,0.9785334246493593,-0.073156,-0.002027214442834935,-2,diffusion_patch_02.png,77,0.3,463.375,350.335,Yes,No
attack_02,542776,000000542776.jpg,person,1,Yes,0.326155,0.9807364703494991,5,0.326155,0.9807364703494991,No,0.0,0.0,4,0.80207,0.3144055802944717,0.326155,0.9807364703494991,-1,diffusion_patch_02.png,67,0.3,443.015,309.205,Yes,Yes
attack_02,546475,000000546475.jpg,person,1,Yes,0.809146,0.9656166339685979,3,0.809146,0.9656166339685979,Yes,0.79758,0.9887890122474571,2,0.79758,0.9887890122474571,0.011566000000000076,-0.023172378278859207,-1,diffusion_patch_02.png,105,0.3,207.67000000000002,315.475,Yes,No
attack_02,548246,000000548246.jpg,person,1,Yes,0.90255,0.9800504599698315,7,0.90255,0.9800504599698315,Yes,0.90729,0.9801832648445015,7,0.90729,0.9801832648445015,-0.0047400000000000775,-0.00013280487466993396,0,diffusion_patch_02.png,63,0.3,318.995,261.69,Yes,No
attack_02,550691,000000550691.jpg,car,3,Yes,0.881036,0.9203083203952906,5,0.881036,0.9203083203952906,Yes,0.901018,0.9152732635456817,5,0.901018,0.9152732635456817,-0.019981999999999944,0.005035056849608921,0,diffusion_patch_02.png,21,0.3,158.745,321.365,Yes,No
attack_02,552842,000000552842.jpg,person,1,Yes,0.931233,0.7887415275826466,3,0.931233,0.7887415275826466,Yes,0.928791,0.7872228381720053,2,0.928791,0.7872228381720053,0.002441999999999944,0.0015186894106412607,-1,diffusion_patch_02.png,33,0.3,407.33,258.185,Yes,No
attack_02,553511,000000553511.jpg,car,3,Yes,0.872553,0.9537064005002712,10,0.872553,0.9537064005002712,Yes,0.87975,0.9557850853286936,10,0.87975,0.9557850853286936,-0.007197000000000009,-0.002078684828422328,0,diffusion_patch_02.png,18,0.3,119.73,289.79499999999996,Yes,No
attack_02,557672,000000557672.jpg,person,1,Yes,0.942516,0.9231181090003514,4,0.942516,0.9231181090003514,Yes,0.937944,0.9241117656634458,4,0.937944,0.9241117656634458,0.0045720000000000205,-0.0009936566630943666,0,diffusion_patch_02.png,94,0.3,369.265,234.015,Yes,No
attack_02,564336,000000564336.jpg,car,3,No,0.0,0.0,14,0.0,0.0,No,0.0,0.0,14,0.0,0.0,0.0,0.0,0,diffusion_patch_02.png,19,0.3,345.34000000000003,187.245,No,No
attack_02,565391,000000565391.jpg,car,3,Yes,0.844165,0.8610887528027346,4,0.844165,0.8610887528027346,Yes,0.668831,0.8612459748044522,3,0.668831,0.8612459748044522,0.1753340000000001,-0.00015722200171763845,-1,diffusion_patch_02.png,30,0.3,52.074999999999996,567.5500000000001,Yes,No
attack_02,569825,000000569825.jpg,person,1,Yes,0.839524,0.8988217483715774,3,0.839524,0.8988217483715774,Yes,0.839269,0.886348257991021,3,0.839269,0.886348257991021,0.0002550000000000052,0.01247349038055634,0,diffusion_patch_02.png,35,0.3,246.62,246.62,Yes,No
attack_02,571264,000000571264.jpg,person,1,Yes,0.892741,0.9307349251185615,2,0.892741,0.9307349251185615,Yes,0.903774,0.9247116563348601,2,0.903774,0.9247116563348601,-0.01103299999999996,0.006023268783701408,0,diffusion_patch_02.png,45,0.3,340.32000000000005,209.175,Yes,No
attack_02,579307,000000579307.jpg,person,1,Yes,0.851111,0.9673409931518632,3,0.851111,0.9673409931518632,Yes,0.833408,0.9536086919551406,3,0.833408,0.9536086919551406,0.017702999999999913,0.01373230119672253,0,diffusion_patch_02.png,37,0.3,317.845,431.46,Yes,No
attack_02,579635,000000579635.jpg,person,1,Yes,0.823195,0.8210443961475723,3,0.823195,0.8210443961475723,Yes,0.815378,0.842127955199677,3,0.815378,0.842127955199677,0.007816999999999963,-0.021083559052104683,0,diffusion_patch_02.png,11,0.3,451.955,287.445,Yes,No
